cookie_id,score
ck_315fb710a0e371e7,0.0009170388347128804
ck_a76ee3b3e3e522fd,0.29502988008086073
ck_94c9a4d382689e82,0.28399686834870225
ck_8eaf9509ad9462a0,0.01063133243991337
ck_9a88a5a989cb5bc6,0.019053317598058082
ck_15239ef0689c1a35,0.010615260885520495
ck_8de69cd219d3b87f,0.8547379827499129
ck_f92cd37022b0ce21,0.04795480919199233
ck_1a3ff7620580a514,0.046492529106140254
ck_397c03aa33a57310,0.7395861727397639
ck_a7cf6c3b322f6b7a,0.05025066997859942
ck_c39a9e75760e3201,0.04729315932845673
ck_88ab6d245228c38e,0.0005609694768561208
ck_17733f75ebdea93e,0.007707058299554094
ck_58eb871e8d7bed52,0.013878773483957822
ck_e55b7fa67db1ec27,0.003737200955739676
ck_62f5cfe22c952694,0.10849366056155363
ck_7fbb709a0fe95759,0.0012344447483650038
ck_87abe9cd066a20fb,0.08217911551281644
ck_d58e058b5c553dd5,0.06561247705068349
ck_d27b872648b71202,0.013253094636617991
ck_4b4a3c5b95c55b43,0.003580745660356905
ck_66dd4f4b4127256d,0.0008589696819914627
ck_93cc12703b500613,0.26591541320722695
ck_d28806a2179092eb,0.9991817672826737
ck_0595c2a0c7881e05,0.004667255370234593
ck_50087d8666191144,0.017537239441189706
ck_b08b3f089138c901,0.060161280059826766
ck_fe3b67041dad2dd1,0.001253286198755334
ck_8449a28f7d475d93,0.028770878830610226
ck_8642e3b6d84f49d3,0.009624750422967768
ck_e49b5e4f2f2e79db,0.9346571981285731
ck_437afe412ea4259c,0.2911970497106688
ck_569b83668d74042d,0.7616501749651763
ck_233a487d31c3e631,0.9996000643619742
ck_1fca72e03143a645,0.9921867181902618
ck_79205e31223df2ad,0.009032372566089802
ck_9625a64406ea16e3,0.059483852830832164
ck_079bd18dacb704a8,0.6466704286720244
ck_4db6d4fd2b49aa81,0.3569392718708406
ck_0dbefdac0a1868fb,0.0035242704728566934
ck_24ff97ad90bdd69a,0.27534802264269337
ck_77f8c5042065d506,0.005490965106730345
ck_f11be8ce05382cec,0.150830863791151
ck_c9d72140b0389216,0.1466691141158148
ck_69eda24e931fb36a,0.0005919798741001957
ck_ed471e496916ee15,0.00827077664846193
ck_ff090498c4b17ac3,0.019673622426759678
ck_c3c19d6a0720915c,0.02900640854453173
ck_af02e1817cfa40b5,0.3630592798685017
ck_2df5a9fc87553eb1,0.018831134664826187
ck_4ac918e884cff336,0.03154951254771851
ck_ca149244b54ef3ad,0.00032808633394511543
ck_6babe5b8674ff51f,0.0010470454472653855
ck_1573878386886290,0.009515468086664834
ck_3925f8565abb7fe4,0.05654668070358038
ck_c4de808ae69c771f,0.0019900588781865632
ck_a777c813551281fe,0.7173045933012003
ck_df4424f6dd85080d,0.37406260270483876
ck_85e5494ec20383ae,0.03419629838766076
ck_f71a4094e889c3af,0.017997655995094224
ck_f2f3cf9cd23b2809,0.23885152048573402
ck_18e2076397bcc211,0.17554710020618278
ck_c9f9fddef39bc664,0.168062272066781
ck_7e826e233d6ea028,0.018933736346879344
ck_62fd7eb46bee9210,0.048157460632654955
ck_206f8e3cd72768f3,0.3086007130286197
ck_aa295a11b0a6ab36,0.044509645334637846
ck_9a56739d81f84a53,0.04601888545195767
ck_aa075c418ed9fe5a,0.1629205994040809
ck_62b9fb3db284941b,0.01009101541112807
ck_f4f83b1403ebea46,0.030816812474463634
ck_16b66bd803288bc3,0.8672373089187931
ck_c4ca1434f3778f1d,0.9980448645397496
ck_1b823610371a29c0,0.03912441522581263
ck_c2bd5a722aa637d9,0.031584956964213685
ck_7890208951df34f0,0.013635440865055597
ck_020eb0e454524ecd,0.0013282077320376827
ck_3b66196ccf436c35,0.007153783041838776
ck_109fc467ec0a4af5,0.35198392114223676
ck_f3dcd818db92de7b,0.14576216590482194
ck_31e7742f160980ef,0.0761109392823953
ck_77fce5f86f00b8f4,0.6998565456353216
ck_46bc797b4d07d607,0.012688190717706015
ck_37899b1b571b1c6b,0.12886233126118488
ck_ef8a6af43fedd464,0.013124523062833444
ck_bcc8519fe8521038,0.14679449717207727
ck_90696b7182dd9129,0.059750709565693026
ck_4a24ad61d017e1ba,0.04941667895317632
ck_0acc3d8c67218b9d,0.04131749761904146
ck_05c97fc9de11aba6,0.48915418268272143
ck_f8ac3a0500c0ec62,0.00445819369974395
ck_617b65141f546a1c,0.3504934221797526
ck_9d00823bf60388d7,0.03611223774782957
ck_123c15d93f1840f2,0.4969533929593608
ck_573feefba6bf78bb,0.4877817669634419
ck_b25657bd16739036,0.11948389936114924
ck_bd26d2bef14a8597,0.013796713914653045
ck_a553418f2fba1440,0.0345351893651931
ck_89f3e380b0686963,0.03040757771759923
ck_b359192aa659bdce,0.006227855120514177
ck_02241f3dc301bebf,0.004914078639924168
ck_5ccc1a1c78cb33ee,0.401192244134812
ck_349cc5edda1b8853,0.22476725161888045
ck_e9f228845bf6e28b,0.274290650275806
ck_0a45d033d4e280ea,0.04115131875160367
ck_7e63168dda612235,0.010033583470861269
ck_676fa5f6aae5475b,0.0508385094035597
ck_74b502b20690ccfe,0.026431340375176613
ck_073509af21dd7f5f,0.9221465061428815
ck_498a0acd450944d8,0.012011081323358035
ck_7f15b50b29dead01,0.07927418702157991
ck_8089fe7403c5f537,0.021741930132681754
ck_05b2b04e11d9ae9c,0.12037962473671719
ck_31e70f2f04b48b88,0.0017988203819895706
ck_994316fa5a02b319,0.0012155685552605229
ck_b76510998b9a2260,0.056391867937454765
ck_4db95c310e105d30,0.0017888730773376463
ck_6f730b77dc6cdb84,0.08036518174755287
ck_2493ee8e7b91d304,0.05167259358229946
ck_92d679d6ac7dcdcb,0.2300783625551995
ck_3a0e0200cbb185cb,0.09010935315106179
ck_0b2eeb4e00ff7955,0.11761163652569524
ck_9843d0e61c37ebe8,0.9989067361041881
ck_e61c8721e3ef1921,0.012540051505811356
ck_2e0eedaaf2980c2c,0.19275446158360307
ck_9036b2e5e9298a34,0.08741104145450705
ck_3265442528d51728,0.6896778394656621
ck_f2ddae2eb1cb29b4,0.12551844046639682
ck_6cfa71d27fc27f92,0.09557105689833037
ck_f3199fbe84a28b9a,0.1731327938417967
ck_b78d785ca3ef773a,0.015177393013643172
ck_374865697f1480eb,0.05708135575582887
ck_06d0e4a9189302a9,0.08474417614298253
ck_9c9884b9bcaa552e,0.6773274566731212
ck_fd4cf578e87703ff,0.15605822907095615
ck_1917ef3e6e345549,0.4081473529769494
ck_e70418b00cbbbac9,0.056619908867790045
ck_a60388296a47062c,0.1370826359204974
ck_d598fe8d2c779ab9,0.011058575312191805
ck_646dc03de4c31803,0.9520770850271552
ck_e4fd8cbd842b6993,0.008287994981599179
ck_2225b555aa2a42ed,0.07756108175461741
ck_6be8ae9d78148882,0.006286010080950768
ck_4199342d3aca74e8,0.3677230411166357
ck_779581adb573261f,0.09120426181971186
ck_bb303568b6915205,0.023974333669357775
ck_17c4296276448afe,0.13085042256196824
ck_a60a61ac829252a0,0.032428811483113044
ck_6ea70950c1cae00b,0.9899562407761944
ck_1abb93f6924645e1,0.03020521971762734
ck_faab769cce19879a,0.1640000351932399
ck_d5b8e74e7ca6355a,0.1326944030867745
ck_f11f7691af16ad07,0.0004916789316340791
ck_188fdf2be7c92e9d,0.9992762302841122
ck_4a103f8254b366f7,0.11141722886786215
ck_bfa17a0b1760e616,0.0025383196497169662
ck_a4d7f6a5869d440a,0.9519002250433006
ck_58e20f5a3e7f11b8,0.9545535239966291
ck_4becdd3d2696c7ba,0.006418587596258017
ck_dad5cf32ab9f243f,0.09259912942475489
ck_7d9f73dc7c4f90c3,0.6137298832300969
ck_c19371047a2d011d,0.014572939209010309
ck_247589ff532f7aa8,0.008361404198186505
ck_7a9f241d5f082567,0.048062859079207314
ck_0a2b7078736b4dda,0.0034316907557414254
ck_687b412e2aac7eb6,0.006165950378653142
ck_fce0b6855886a0b8,0.03435403991659212
ck_e291cc60920456d0,0.08408094733910197
ck_04219a7ea798db51,0.06538254163270842
ck_286bfd719836e9f3,0.7736110467254698
ck_55efc92394fee232,0.02119728937036379
ck_e36c8da1bd359960,0.45993973370521973
ck_34b0988a97d96902,0.04290066145427498
ck_e0fb11fc9dcb34e6,0.004241182516637228
ck_bcc9cbc9ed8b7c31,0.11026336711155207
ck_3df8da6f60a89a5b,0.028035377954775
ck_b1495ee5c59a6b28,0.04274875072322769
ck_58f4c3ac61fda129,0.18966056633620682
ck_735f244b99e3aa8d,0.009501922570265537
ck_6b93bd8abf87b1d6,0.9153447604290583
ck_12107dacc6d05bd1,0.016752650726465576
ck_f96db2a1f3448d1f,0.01969567586690357
ck_8fd91a3c99e19097,0.009659697930370872
ck_910205d25388a0ae,0.000967912538574944
ck_d229dfa0e4442628,0.03561657642659878
ck_7cdec61e1c488798,0.016191343362136273
ck_f66f06e24ff32671,0.022148098843111978
ck_350bf14e90b503f5,0.0707411363984749
ck_61fff5fdaadd394b,0.015358877361195218
ck_e934f984bad2ff91,0.6645264536201598
ck_ff6a6d3547dd2d37,0.10711129290791874
ck_65ad9b15979e3247,0.0711025447976885
ck_bbe1a2ea5a403ad8,0.8319807338865469
ck_6f3a28eecd2c4031,0.07161956426838481
ck_a89b66665714058f,0.03166983503683508
ck_918c92182b6817cd,0.1515167197775793
ck_64f5eb4be9e7b8fa,0.08342552711588466
ck_d021fd497ea35fb2,0.0820562079587373
ck_004de16f7d8a42ae,0.15050623200849111
ck_a33d2325f86ab12d,0.006053428716128354
ck_89790ff26c844bc6,0.3179362643264928
ck_e6e7257377c37b28,0.5137593469444932
ck_a2cc3910a641a808,0.628060482314002
ck_646e270e0195bf05,0.018208974911169233
ck_baba5d66def0d770,0.5494717300060006
ck_67cdcdda3033842d,0.186116766679394
ck_b5c3075c811a2216,0.08127864736473307
ck_515379973a8044b8,0.008437761051600736
ck_c0ce85fb4109567d,0.05790080202173581
ck_fef850553862aaca,0.001873707106678754
ck_55d7217b0aff9fa2,0.16276876577833907
ck_8e139f8925ef7968,0.06731905828133347
ck_9e35b908fca1e4d7,0.02731606347689827
ck_59735f4ab2ad3da5,0.03457079548861359
ck_dc569c1167ccec0d,0.8643499496282634
ck_1dade5592f90a15c,0.18119435237711015
ck_793048d11fb8b328,0.581502625995368
ck_545b71eb4fa594b5,0.004707398233893469
ck_bd30853e9a57b544,0.06952658165191401
ck_59f46321ecf6d306,0.04075998549936369
ck_260cfe9141d249f1,0.6211527048749382
ck_3365a0ad1a8aa83c,0.038577535658019996
ck_b0ef193195a2138b,0.001487473985304419
ck_0f909705e2e60f2f,0.033093551961696784
ck_5a540b75c866166a,0.04710555414296161
ck_87c26b2f41025109,0.9995947858543108
ck_27acc9f320cda104,0.6246236627889272
ck_a27bc31eecd9cb9a,0.01710936550508315
ck_115d86fabde77b65,0.004405520938288653
ck_eeca179341d56f8a,0.8295137621147525
ck_8e5999c436cf037e,0.005000636341412722
ck_510e7c5df1f95d90,0.9784762590521735
ck_f1acf73363925958,0.047717902414422614
ck_3c177f5970b68bd3,0.013576193881644171
ck_9cdfaa1c30cc9d32,0.0008052356150987795
ck_c8efa1538b37c359,0.24753507015616386
ck_a8a2e296f9804bd7,0.08717062175711147
ck_91a0ca45f429568d,0.08352455212083891
ck_5fdf8a0bdbd3ed62,0.15403150192331547
ck_0f4e2ec66d50da5f,0.0045397745458844495
ck_28c53b214b2ee882,0.6722823804967596
ck_003148504557f720,0.7776499691838107
ck_01d840cffb870615,0.5464555709221981
ck_555848d51f4b5f35,0.25438173588358814
ck_df20cc23b8fb8e22,0.014795743426111842
ck_f9604adde929beff,0.0019043907487196019
ck_d66952b03591bdec,0.03350172325163829
ck_ddcac1ab765ff61a,0.16276521047455553
ck_347386629d96c664,0.03156142113965031
ck_ab01db9117acfe3d,0.04054026706779429
ck_58e5359efc52e0ad,0.06479090116166379
ck_1a524b5cc8da71b3,0.2998219159561555
ck_e9287b6d909d731f,0.0028060773610491226
ck_bb41a66e3d90263b,0.4164757285973023
ck_e95c8cc1864bd584,0.003804413233548615
ck_7a3f2961e9a8b6dc,0.043478759561922785
ck_378a9df82b1e0bee,0.7334025258967312
ck_42633573639a3f02,0.9811811336848244
ck_2a5a4c18c2c7274b,0.023800222469443202
ck_77549c1a41f837c3,0.02874615574306118
ck_a26704b5b26258b7,0.0353304986807308
ck_9874ad160efddf50,0.018415682650474937
ck_9111e3a04b14dfba,0.037725217542811655
ck_651e076ee43aea85,0.13388165938683247
ck_391639c0f13932f3,0.001517856704175636
ck_02dbabda93c8c13d,0.1187310557763304
ck_0adcb1fffcb0a34b,0.09844006535129979
ck_7a43ef9c7b1c67b5,0.0005129941303657838
ck_4b9dd69946438d0b,0.03385198597495642
ck_90bf017cdd37b66e,0.27939282339377186
ck_61c74163eb36556e,0.0075354359131800065
ck_13376c59b5bd6943,0.017599898375184865
ck_62337eccb1672737,0.08249713590095464
ck_16077934338472bf,0.11659051316961508
ck_0d4dfd93086e7330,0.01492507266007341
ck_3865b7525b910893,0.017197808622265477
ck_7e2ae8b69ebd5675,0.014150333591912562
ck_b4384b6c11766ce7,0.43827447708947614
ck_3d7fa32dfb9fc692,0.24765449432399453
ck_f4a6a7cadd6e0603,0.2533046220135432
ck_212525e2828a6c45,0.08821992438165407
ck_33ad8d53394ba77a,0.9146471618234137
ck_a5051eafe8b51224,0.09607538225835571
ck_f65e5ff7da565f91,0.03895561019643127
ck_5c37f7563fa7591d,0.006273163284280887
ck_f1e0a006068aff29,0.06723766227367105
ck_c646cdead6fb79d0,0.04677905050672928
ck_f8b3cdffef535330,0.09501995066923562
ck_e5cdbe3aa12c97f6,0.021046925746368968
ck_986e4e61440506d0,0.5989137686548912
ck_6da9c5912e15d9a8,0.06900048454391111
ck_51d842e6dae74c71,0.008333138455407304
ck_5fc65c24e0736d5d,0.8043514269936984
ck_babb95a76c69509d,0.21503448801908293
ck_86a2d852a9715432,0.051130532720172206
ck_db4083a0d043def8,0.8402072299401288
ck_96953b8945b7d403,0.013552768757120037
ck_7831ca5c31fb3859,0.4831011769499558
ck_60ac5e5f375daa38,0.08686413066553646
ck_05d44eb1f5f085ce,0.014424673225650317
ck_432cc19c7eeaa46e,0.05559079357336149
ck_7fc513033af061af,0.0859050480869675
ck_ada6ede84c111719,0.057863196324255885
ck_6343e0d3b1c2962b,0.025578206558052655
ck_010264ae04f2e902,0.1500994535512698
ck_e9dcf535f8c289eb,0.13748811690956414
ck_37143d9cc296e6fa,0.011635558539339896
ck_61fa051192f3e810,0.05799641587745385
ck_f9f93d1d41be1468,0.9902825180170479
ck_c4f4f28457be8a74,0.005944118691157159
ck_323a71f9452d21cb,0.8515590938043814
ck_170f4688e0acd875,0.2907284693815001
ck_869b1878d09d230d,0.35710802366348654
ck_2f6b33bf46976229,0.003329188077570817
ck_b11e22e75d9b99de,0.0013257534046906654
ck_123d75ffb75b606d,0.0263743520059967
ck_94295287a04c85d2,0.48992175756133494
ck_1b0434f096795328,0.0032583804834183192
ck_0a4e191cd0a57ce1,0.014661687564633154
ck_d2fbd0df99634676,0.016237785582757774
ck_d51df5e9fbbbcc94,0.916911183855368
ck_2d3d7d64a6f443f8,0.046454566493123656
ck_731943c682c9394e,0.1547111222515393
ck_5ccc0c94e5e1f849,0.14064697551471017
ck_c3476080516db25d,0.06603219881787506
ck_5010ffb1c94187b5,0.0029298868371122853
ck_7ef666d67bc70223,0.06313215144122326
ck_c1b493527224a27a,0.03548095701144528
ck_5d1e25d7acc5af9a,0.023916387573300973
ck_ec30b61cbf517db8,0.0058987292073671834
ck_79323eb5d2e5efae,0.015094161157395949
ck_4085cd3bf2661518,0.06066176635683961
ck_2ca91214c357c072,0.6820624264398868
ck_7f3132d6be389657,0.15471510511246367
ck_e7a6b925c8f39a85,0.3664174843381015
ck_c886adec7bac250a,0.12677672920663316
ck_c3f360c2d0ea0a37,0.038122774792812134
ck_a7acd5b015823793,0.028752378310703916
ck_9d64187c0800f84e,0.11916166291398438
ck_5d4ed73b9efd7d11,0.0906383786406902
ck_874eca6776b34dec,0.016432168737229042
ck_96a9221a87be93c3,0.1586782407361873
ck_68dd79a51eabf5e6,0.0938822996586571
ck_8311cb6755b2016c,0.001654790516509035
ck_16fc77b2bcf5ec03,0.9961190453433953
ck_ad9e2088a33c8c72,0.00161014591783286
ck_7176bbc97b1e42a1,0.012835002029534581
ck_80dfa54b30f65fff,0.907230092232168
ck_31c54d540b128843,0.013974203469470231
ck_43ea894480567274,0.022376513896755268
ck_9c9e8a38bd5a6c88,0.12335053479965596
ck_1c2dcae19539e148,0.4064407600278958
ck_b0fa8b84e94d8ae0,0.013878892276113603
ck_4ceb43ccd0a81c2f,0.03352302426620837
ck_ba845332b730b596,0.006891986567631756
ck_73d3e8c6077f61e6,0.5915630437640489
ck_b5d0d223ef56473f,0.13321713610988578
ck_949f08f8e80e93ea,0.043498317751730096
ck_73de0b49709e5f8c,0.01566164069747858
ck_b5935e9722a39819,0.16328753453339384
ck_96247fee0eb44420,0.020337399584460698
ck_a6def1e4b2d57e0d,0.06235400855371951
ck_aecdc5a96321a2d8,0.013894554463690008
ck_bc61c59970f8de49,0.11454575554344153
ck_c43b4175fc9ac5bd,0.9634934919500477
ck_8ff7a9b23a55fd62,0.009645021123595386
ck_20c99b645f462449,0.008746673522118229
ck_a5ce2ae36fb410d9,0.0019891987700699654
ck_96fb9bf556842bbc,0.011471944886220326
ck_b5e4c6dbbed1b773,0.16276521047455553
ck_2085433978e72ea9,0.22545362246500714
ck_2c6b174b063ec637,0.09497074999378731
ck_b20b81b88dabe28d,0.05936402494727923
ck_243c18dbf150831c,0.0401692872774386
ck_2bb6a17e8eee35cc,0.19018583568096034
ck_66147fb994495396,0.818135150674475
ck_73f124f075ede0fc,0.009420676914312271
ck_2e315f1b1e533dab,0.060104470111002437
ck_16c7bf94ed3e7a6f,0.0014289637012915909
ck_4a0eae220a762ac5,0.3272487840439158
ck_dc16f939c2f44ad8,0.2157772909408596
ck_817926b449754917,0.021057882343973943
ck_0c0dde42ab64ef87,0.23215692008076252
ck_cb3a40594da6a2ee,0.12985100407578945
ck_d0dc156441fcfdcb,0.08036090625391772
ck_66f0945add423e9e,0.01270995302863344
ck_a74f6a3030f5d495,0.3043283037124409
ck_1ae460f331e49ae2,0.06365683153901883
ck_2d177b2f4f0b40c9,0.7169851388623
ck_92e474e4368c4791,0.05473255826642509
ck_3dee83fa2d109484,0.03806209984888317
ck_80e5ea27848069fe,0.00973631579561604
ck_ed0c4a83701ca230,0.0436809669934584
ck_0b8b7c5c581fd161,0.011380557920162829
ck_60bf8a2870956fb1,0.0851241994228359
ck_73a54b56a2bf35fe,0.8990797635441843
ck_2296d7a563424883,0.009588833031939865
ck_bc19c383560c7477,0.0911909658174713
ck_861d8e3d88f1079e,0.18254811976459748
ck_3f090fc96c24eb28,0.0071023620917309216
ck_9a6a1f8102febfca,0.02459210948669856
ck_541b6ad5d2fa5a39,0.01891479016336238
ck_a760d38d1bc4de97,0.013389702635661409
ck_7dca4d7ee10b4eeb,0.01874123202477491
ck_15220e78d1545e40,0.0980799259527241
ck_ca24bb0de508efb0,0.08052106570027474
ck_56b389627d8f02c5,0.9959947892556578
ck_48a6754977a44db0,0.019695962612722474
ck_333a43ec339a04cb,0.12715882156768182
ck_f22aacaf86a65d7e,0.16494342381938373
ck_04bd8a1ffaf3ffd8,0.00854870259436622
ck_2737a72de6b700f3,0.05370692402005793
ck_c35e03b0dd0c3454,0.03825584879867797
ck_e0571312f395cd94,0.055004114470100014
ck_09fab6b9825001b2,0.022433667090476214
ck_18c3a095606209e8,0.06570700325629297
ck_2a97db9377d01e36,0.006951175982593075
ck_f29dbbfdd2786bd1,0.005477421242576234
ck_35d6c510ad29362e,0.5495094973610529
ck_5468fa99c945d785,0.06217076499340404
ck_6f8102f62c876cc9,0.1413548002768114
ck_91955aab3424ad16,0.04763722632697814
ck_9a43c0c73a39d759,0.005554209687518231
ck_60b023af6d1e30bf,0.6023847488077241
ck_9704c5cf8659cedc,0.07706031329007021
ck_7e5f02b51b9f78bf,0.30244386131369677
ck_7d3a88d1aa649708,0.947879155227836
ck_8250eddc1ecb07a0,0.0951545741654237
ck_d979ef95ee44023d,0.07055505293774321
ck_5e5461dac83531ac,0.03159276707268961
ck_d1bb8890081e0a31,0.02947757257527266
ck_32246c62640648d9,0.0012818039827728156
ck_77a40c7d2f862a32,0.29168695654229104
ck_1c8b94efe9238f5b,0.06300946738028754
ck_eaf3b6d11bc3cb11,0.0330335477498456
ck_a4a7ef3ad799c380,0.4572510302714165
ck_d5bd8f68da073cd8,0.11486630044878868
ck_6e6258227fc8db7f,0.0046317434352186795
ck_c35d444e05799db6,0.042389665582998864
ck_74665e1209140ae8,0.08234766680097153
ck_353a272478f7e903,0.7557684870235555
ck_a2c9796ea229a4e2,0.05895296945763676
ck_e0171f91cb3411fe,0.046266996248350144
ck_703499f5410280f7,0.005086455954457101
ck_ae3a763997f8f385,0.04564357953951772
ck_f7ff94c3df5ac874,0.007916598683809162
ck_f3c16d8f747db046,0.13170540575930734
ck_7ef019ed77276496,0.006768412453572681
ck_d6a4faadab58a3de,0.004097889412099288
ck_ba7b78d31d74c794,0.041682498948285324
ck_36287d063350ce9d,0.06380119738835414
ck_5177fc7137ff26ce,0.0019438478610468545
ck_dfd4e79aaa967b63,0.013070402433089053
ck_fb44d15fb93a7157,0.07668389807386738
ck_fca478361870a4ca,0.02327040018973541
ck_e57b94fe57341058,0.1999200524217082
ck_5448c946cc4758fe,0.12987126021684053
ck_c5ece5ffb8800ad4,0.0013118898943463523
ck_11cb98211b2ed134,0.9946175059599731
ck_f655399ac75c4450,0.009982311913691045
ck_c817259019588d30,0.01946187936032756
ck_8740a14d8096c6e1,0.009013032982544605
ck_0c5ba86f4e05b38d,0.056850238672862326
ck_ccc917533d4b73d4,0.09475768668771249
ck_9eb80edfa43203de,0.05406153053976308
ck_d1a1cf4cf61d6801,0.10340337458449947
ck_b17c239f160e6017,0.009520562861140665
ck_410c3e13b48e0415,0.0025728277600229913
ck_ab553954435e8854,0.9755451981715845
ck_bdbb4230c91e1604,0.0675411167171079
ck_8fd4937eadd64fb6,0.010403683539807494
ck_e0e90b196bef3c11,0.01994152231430116
ck_3dc4d464386f0eb2,0.7247615543042315
ck_51bbbf8f8e8ad005,0.9989881979139282
ck_c05737ab74cf03c6,0.2210260079938795
ck_dceabbe04d99afc2,0.00017950490153582912
ck_5b86fd14e85bc9c7,0.8466828288840571
ck_d4febf0083800424,0.49286199566110167
ck_77d9f86dcf251739,0.12426806934712459
ck_b4dcebc543deaafb,0.05673789286166094
ck_cb856e75c949b0cc,0.0010757928415342465
ck_61b067de8ffc1ca1,0.16137243624239192
ck_c0e8560ccfd9dd9d,0.005913571425960277
ck_173e1198c341087b,0.006220837342065443
ck_b4d55bc809000276,0.3424279437323481
ck_839bf139296b5cea,0.01769320303632333
ck_78cd402a2a4f2e35,0.03990876207812373
ck_c2925c50ebacbdba,0.0028060773610491226
ck_5e3bc76eddbdb0a6,0.0031399918607057566
ck_b7793edca26fc512,0.05603102594856773
ck_d79bdf04d6f31cd5,0.011023604269821019
ck_4b97d19ed946f503,0.07369979638198414
ck_37139b41c5370523,0.26591541320722695
ck_8c346eeefa9ce692,0.04298958173262637
ck_2ab7eddee2d8c49e,0.00626721898087128
ck_29da59ea3bffb9d8,0.8214482468184684
ck_c1d05ef0ec6e4be7,0.03407543110755379
ck_3882423b449f6291,0.9946144177052514
ck_5647030283171ed5,0.9809447737487339
ck_efbdcd9c181e72ca,0.008117280869364436
ck_192fdad892782daf,0.6041887609099508
ck_0bf2e13b9f2601ac,0.13667160997116032
ck_3d6046a533057795,0.0014696595014220745
ck_279a1d3a3836e5cc,0.005806948889831983
ck_c375e929becde422,0.02533721943372797
ck_a59e90219939a1f0,0.0028060773610491226
ck_4e9fba1ec54c3ff8,0.031278443826526295
ck_bcbd8588a13f5eef,0.0003408671369891379
ck_5f9a7ff990341bdd,0.005846798456629193
ck_e0403d507519b7d2,0.010302868298119282
ck_c9490cb61aff5112,0.05582741059111234
ck_41dd44308e6a665a,0.6197114513168819
ck_76c23726cd7ca947,0.01367232772162176
ck_9be551300209fa83,0.029156156123526553
ck_a98848eec6c9581e,0.008788887453297822
ck_61176dafb33b2d8a,0.8982970760301132
ck_92de019e05971ce3,0.2223668048328221
ck_5d644224135d7c65,0.05777772671578926
ck_c767fc454fa215d0,0.011143861014310589
ck_5df85a8924e11f27,0.15847116896181213
ck_da2729307af06ed5,0.12440205986061158
ck_7c6b577174af7a78,0.00538247852578239
ck_893b8afbe11301e1,0.020461150875033928
ck_e06f6fed020ae014,0.03318540584451119
ck_386680372fb54857,0.004248996948086758
ck_7a7f3c4fe0c9d2ca,0.040036225950192954
ck_f908b527c4db422d,0.29491802908902937
ck_ec2eee6a133e9a6f,0.06356584883956155
ck_d98934f9fe0b02b3,0.006171241389834931
ck_398a1ed77b0130e5,0.017782914469808998
ck_d960af7a55b892b1,0.033183935252561914
ck_4637e54a9f79e2e7,0.06592549963518249
ck_02b9f418524f6650,0.037752977306801494
ck_d4b23804cebb045d,0.20762430771299123
ck_35b1939c48182a9a,0.04986694410822661
ck_2dcbb71e39d64305,0.1408982804309009
ck_47a884dec960ff2d,0.4069210080983697
ck_71fd8c346fde5cca,0.21859682936117503
ck_98e1992ac8e7d2de,0.18356135216890887
ck_ae7780327e210522,0.037317733620425404
ck_e6c584b4b1ad6d9d,0.01585318362883148
ck_344b2e326a6c3dcc,0.04751065618564632
ck_9aa899a5230b0963,0.1435775450642081
ck_e48d14d5b70ef5aa,0.022131718786655125
ck_59d380a0973b3951,0.04754686137403105
ck_11318f7c041a5ba9,0.014988213835519485
ck_7061786fe2f22f5a,0.06440062180279328
ck_e77529651c416cf7,0.004502747243198622
ck_7f79878197340435,0.006744615984113388
ck_b0a0fb0ee9ebf106,0.025191439730155477
ck_70c7679199776a90,0.04396709335276092
ck_b9facd2210daca5c,0.36914557313322854
ck_9949f53c155b8dde,0.004288036087452376
ck_1c607e24f2c4397a,0.06866809377862101
ck_aefd1ce3ce093cbd,0.00011539154244223411
ck_5a29b7018e43280c,0.003874851174837828
ck_69eb0b2ccfbe5f95,0.03360914831839445
ck_fe037765aa465c58,0.012481812875530768
ck_5e512ef5362a3dd6,0.11419689222329986
ck_544a9e80b7fdc279,0.02779472654882415
ck_7825494e654d5695,0.1084872192526513
ck_f1f2c3c623553f0d,0.00028897005481940026
ck_52730906e5b461eb,0.9177489872475131
ck_01e0689157fe9617,0.4411419363932024
ck_9da82e567074da9d,0.0050402630147332
ck_6a17384072f904c0,0.022329656576982288
ck_8d84d771a21942a7,0.09145242256582062
ck_39638880292782a7,0.044021816819914135
ck_7d51c86e0eec72ac,0.09835962572264803
ck_45f4c821c70d134f,0.9488529337440316
ck_0af3c13ba56ce57c,0.019165075014794534
ck_0789a05e061b2784,0.33222764429558244
ck_6ba091eb42ffa9fb,0.37940129639428904
ck_265accb3c5c32620,0.5678966171950162
ck_179039559ff7566c,0.32045290061072335
ck_17c0a6a92b5765cf,0.03895764819135204
ck_59371c9140239fd7,0.08624288006825911
ck_f9c4f8b4ce2691f0,0.032660365166587324
ck_a2637e4872cf4811,0.36882078834044146
ck_1de43fd6c6c22a5f,0.6286126644297868
ck_6e4f31bd108571f0,0.003184546044777209
ck_da06d97db0b18851,0.021560541896953063
ck_e0346d5081e640e8,0.11852860587356186
ck_c1c7d4e62c9fcded,0.04883629846913122
ck_2595669e421299f6,0.05725624545286545
ck_3b6057d51fd4c7d6,0.00286950682781165
ck_c5f8ab515840a0fe,0.04890451029502435
ck_435cb24538c6f77c,0.10115970642382237
ck_d84b5403da4cea7b,0.07187207910702964
ck_c2b61a98d1c8f6dd,0.6151246223286597
ck_c9dcd92b2f836b61,0.193228980090602
ck_9eb5b3f5f672c2b1,0.012407489860850043
ck_e4cf189a8d31649a,0.0028060773610491226
ck_6b114f2a48152b96,0.01225456894423091
ck_3fb95862b70f505c,0.3617062665508773
ck_7f780f465c29398e,0.042872624561647844
ck_ee387f9da79e67ea,0.18953232480625445
ck_fa3b1e85d27af2ee,0.17993386027780175
ck_e739eaaa7a1822f2,0.19703759425594294
ck_dfa0ac11fcb1dabd,0.01325386973251881
ck_6e8751b571ea54d1,0.06635600151729562
ck_2d695f8358383092,0.04976437463257626
ck_e7dce27edb700f27,0.0299862092263765
ck_e322da8b213eab52,0.0024999042111511047
ck_d0b32e039abb8200,0.014829619221229981
ck_b354003302b272ca,0.015403665577247613
ck_f7485cba392bc294,0.4872516226508537
ck_d6a290ff8362c7b9,0.4661534267051828
ck_c56a44fe315c0389,0.03625933715436746
ck_f77dfe6512eae322,0.1909699240718653
ck_35fe969c58b9e70b,0.5246182893369523
ck_4c518637db2322d5,0.16111625132327279
ck_cb61902798ecc4fd,0.02869822591731576
ck_56e6cfa32156a916,0.0028060773610491226
ck_343e6ed2b9d35c01,0.01254692746342764
ck_51440f64f7250ad7,0.08141767905614233
ck_295bca29c34cfe2e,0.01712641176191477
ck_dd30558576b45e7b,0.004780848869852588
ck_3a30132a57181fe3,0.15053975201996345
ck_4a733aeb833406f4,0.01195943270214317
ck_1b0b7c3d35ab1259,0.04927662404207266
ck_962c3bbf27cd4b80,0.16861391098589731
ck_9528e1d6b1707870,0.04589676425222501
ck_b3263e7f31aab45f,0.07337363072114156
ck_e69195a3c885053d,0.0007780483779649937
ck_a907fa8795cd4baf,0.00030785224650293824
ck_205c3405045bd835,0.10213606105257587
ck_e81fc223bed3c46a,0.18838616396818575
ck_363751deae40edfb,0.097413889879164
ck_6176baea8cbebbb6,0.004238724718431201
ck_633e6579f5c74a5c,0.8734323940356142
ck_ddc11fc481eef58d,0.09535056739787776
ck_e975002c979e12c7,0.24539522750279938
ck_8e039b23acaaac00,0.08928513587778734
ck_1d6990d94a4d2ad6,0.015345001629665667
ck_e7b583acaa3171a2,0.07418200591956446
ck_c0133f60d39b2fb5,0.10012610227365767
ck_7d6bff85e7a694bc,0.0067048805329643565
ck_d305b4d82f63f647,0.0021593900882154117
ck_22bd0fc71f95e048,0.21749175621953698
ck_9a65fcfc7916f93f,0.00422366752581965
ck_d61c837b0106085a,0.2707268998288475
ck_be86a1db08dea456,0.09631376043407328
ck_90489c405e6886d8,0.00409535675101335
ck_0add2c321d579d75,0.32045290061072335
ck_482dea6eed92cbbc,0.08197594228978468
ck_c24b47184534cc2c,0.9993789136179317
ck_fa04ac31e596e7d6,0.006577665970075947
ck_084322dc5a3a86f0,0.01710314645811488
ck_ccb72a33cc1877b7,0.053183152415572726
ck_afaf374009d3b248,0.03915821799514607
ck_b53084ffede19a8e,0.02672166487357818
ck_4760216154c8cac2,0.45382804483100503
ck_37ad3a65db673e70,0.008643433858371186
ck_0c2932cc0d553694,0.017384818826685078
ck_86b853c52f20fef5,0.06473351472729619
ck_38703b7546d35a80,0.03826398314192994
ck_218b7e6e6dbd2da0,0.0016302530846637009
ck_402db4184982fdf5,0.026205251808682953
ck_f917c82af80e4a79,0.09435452317821669
ck_3c6417a233c68c73,0.09429113886790581
ck_98068c397d70dd3a,0.17386106797283563
ck_b1cbd6679c0f8d95,0.03800980936702281
ck_9e962f9bb0e7bac2,0.04290775429338304
ck_b08247c3ad567d92,0.8129658355609957
ck_3ef7a03ebb81cfe3,0.004366574325534006
ck_5d7ae0e3562e99bf,0.06678638403188907
ck_c91a628236baf91b,0.2978741539061435
ck_7f8e816ca51755e3,0.8223969664216506
ck_5aadd286d188f5c3,0.025565070822710548
ck_a037aff5f8128c73,0.005434903698171454
ck_5df6529ce8290906,0.009377571591055707
ck_5f3609511443e5a8,0.1636806572037954
ck_a6f61864fac3c8fb,0.017750416505360637
ck_2733fc6ba23ae46e,0.04643332995136516
ck_22bfb9246646eb41,0.7555278127216766
ck_bfc2a57d8fd1610c,0.6838954398845083
ck_49839e761d0e74e9,0.005008325162135563
ck_aa4ba931dd37481d,0.027860549330684832
ck_2f9fa0d61829f815,0.0496045139999392
ck_5b82c774df10d49b,0.0016448185481047612
ck_411219470d0a195c,0.02183083568138137
ck_d07485ba10514a2d,0.7598132435505502
ck_219bef979ee21bdf,0.006670132824632685
ck_eb1006e7285184a6,0.04263902610404299
ck_fd242b18575e3063,0.023828229092591312
ck_95188150ff059c70,0.13745919924671815
ck_a9ca2f447b984a6a,0.024276042563346225
ck_2dd39723c4088b64,0.003994721751285578
ck_aa2b4c662ff213b6,0.09799546474966002
ck_1867b1199c864db5,0.23332629173866745
ck_850ec97a5a0dab9a,0.5992823571271861
ck_562320295fa35875,0.01709263662564946
ck_bab5759b07fe2bea,0.0027116445311084654
ck_b9f1465d803e57b2,0.34414571492058493
ck_8f21f2690c32c691,0.2696593135927552
ck_df87d6f61a63eb21,0.006178078198255619
ck_770475876d0e7e6a,0.03068678639912599
ck_b4c014d5c0cc9eb2,0.00408944465268869
ck_3add4d23124c9290,0.02322623845013811
ck_bce5b7fecfb6264d,0.5351972695389347
ck_604c17cb97dc89be,0.40406907234285105
ck_e52cbcd9aafd26b2,0.005870924111094448
ck_0ac9114076f5bf3d,0.1118267369819116
ck_dcc125b178b79566,0.008934399946481505
ck_4e333c09f0c37dee,0.7212291271946534
ck_ff7e31ff8ba731e5,0.030447968555983505
ck_8d0532d24f1070d1,0.0036041914944871358
ck_3689fa41748a6f6b,0.7117716901350701
ck_7509eb97c1948b16,0.03634778036135045
ck_a9161cf1ca22a6bf,0.004882872584474123
ck_bed3e3db135b782e,0.022556089784031747
ck_9040edd974ef8e3f,0.739816827971267
ck_fac32d76ed40f683,0.008207247141937537
ck_3d7b1078e2d57c69,0.001259164549797419
ck_dae09c4e074af5dd,0.1670841514022715
ck_fd84507228467b40,0.41719172165742674
ck_e2a2ce9b8cf44c63,0.004353770433230182
ck_cbe716f351d660d4,0.007959297043683845
ck_cba4162ef29a6d27,0.05301724644916071
ck_4f1e962ff8a29732,0.04944909944412362
ck_39a81899dded61e4,0.008730830287620171
ck_25382331551d22a5,0.20024864740505274
ck_6d64e1c07b19856e,0.010967859573317161
ck_165a868bdef28ad3,0.5295315621239436
ck_88774ae52e30e877,0.0768467304174364
ck_fc7a9d0643570053,0.0005541681718966773
ck_c2017120b3b88a46,0.10942641379289227
ck_d115ac6b9fd62a7e,0.01448700049293532
ck_439cf7d51ec7de0f,0.014346133170267719
ck_2468a7e9e68a0927,0.012558072855479559
ck_7c418947124dee8f,0.11428793026567062
ck_fb0cf32c4a56f740,0.02349331546885091
ck_694eb6c43193afd4,0.006152750998487531
ck_993beb188dd4abb6,0.04127307288787014
ck_77fa39d3b733c226,0.33346483901638635
ck_49969a9abc47cb69,0.011016802146620078
ck_d3f44bbe2f7e9b2d,0.03142877430247111
ck_fcf5b8216d0c18ef,0.005716172050245472
ck_daefe1e2d2bc362d,0.003758436572720653
ck_9c9287cb28950eb6,0.019111341051867736
ck_c1d1a625b885a975,0.10735291750074095
ck_71b37fe47490b4ba,0.0067315271632938075
ck_5d16e257c0635f7e,0.8980895916028845
ck_15918075563eb074,0.009445234923624727
ck_9a15fdefc47e8d11,0.3134758379275377
ck_6f04d047d1dde75e,0.00026883263734657774
ck_1af2c0b3b8d202c1,0.004262985219753882
ck_174be2231c5fd2b6,0.014965841233683545
ck_bb0713a2a1d65982,0.02007302138930597
ck_0daec63bd5b0729d,0.05277861090258995
ck_c0b5cc3e8ad2ff44,0.02822996652789802
ck_35bee1fc12664644,0.5865916783510973
ck_a1c7cf63467df4c2,0.007243274272623661
ck_ecb1e15f0b185ceb,0.11151647717677178
ck_f280d31f54a4710a,0.2012903072584686
ck_30f4b2ee8abe1342,0.379732075830782
ck_66bed631354de5b7,0.04014394737923687
ck_c2d3ecd7278eba2c,0.002521085379793919
ck_e901dec0e09eccbb,0.015364750605921735
ck_5d038ecb3c8748a3,0.033893865488761804
ck_283c5bea94b21e80,0.03146442434355543
ck_7956c251b85f009e,0.9391092763584543
ck_9f5f81d771146aa1,0.0037663259578661315
ck_9323e6fc1e168eda,0.9885604032075305
ck_10495d3a635b8d69,0.15293733554976424
ck_1982d571cd36eb0c,0.017600838757978233
ck_4f5d7985bcc2eda4,0.007098303335605327
ck_7df526b2b4410bb4,0.1701998671924091
ck_dbb498b1a346a402,0.021827289136943817
ck_ef059997563e3330,0.01503171093620695
ck_02ec4e06709e6b82,0.005021657167092941
ck_9782c86ba6485f88,0.025093725976861138
ck_d69de468b44143ca,0.02705063592065397
ck_6430a8792f400e0a,0.0936914686795858
ck_8285bd3c90af94f6,0.04433294546660943
ck_985c9ca112000e9a,0.04786392812413679
ck_e679fbf4f4f4aa07,0.22571786223456722
ck_016e8c8eaf9d511b,0.1700231941893965
ck_bc996c523944644b,0.16873580039618802
ck_5b8315726f6204e0,0.05412297160924068
ck_78181f8e998e442f,0.0027151940850611346
ck_71c68dfd011dbbbe,0.6248373980025536
ck_db32c95ce2b6f502,0.8899068306787395
ck_755010362a9b1bc4,0.002363080463980785
ck_114141d85256c9ff,0.0006058069731119683
ck_9d1a5cf5a3b87e48,0.06329728988360343
ck_ab640420858ab5c4,0.6845769204493433
ck_97a8dac48dd62488,0.8591910048642966
ck_879cc3166fe1bada,0.05618682910727311
ck_b0ed11080076e381,0.0028060773610491226
ck_7334a9ec656263b2,0.06620289133948354
ck_6494f0ef13ce44d9,0.0015002401508355425
ck_724e459b9ece38f4,0.06912132648386007
ck_7fd8b1470401695f,0.9494267768436074
ck_292f81186358b0fa,0.008877274624162242
ck_fa7de64d37287615,0.17457882142727785
ck_d00e09e66ed6458b,0.764963961670268
ck_b8d210e741be186e,0.00749345714870132
ck_3db59982cbae4410,0.04238636127919008
ck_69887d0a9aaca6df,0.001371759222251911
ck_4feb21e2fb0b3977,0.008467243961622923
ck_08c6cc1e143475e3,0.005032819726198184
ck_fe6e168cdbb46b9a,0.18930577668281012
ck_07f1734be7fac56a,0.16043580225163612
ck_d66d59981307db93,0.11438127614352206
ck_f928dba0d587d7c1,0.0008292868736106473
ck_786448fe3004cbd0,0.001306662645503906
ck_29ea329fa40ace62,0.17583468931124363
ck_7ea52b6f27edcb73,0.14664272473963638
ck_18bc51bbf3ef198e,0.23631889925680713
ck_44950df09ff14ded,0.012514429920023969
ck_c1466b52c0a10b93,0.2547826327896917
ck_6cdac067cc4db5c5,0.2512106738749046
ck_53f55c6e8cf2d432,0.0055490032108963415
ck_95945f48453ca532,0.044438033655464705
ck_87cce4126e215153,0.04715071277991744
ck_1ecd5516c92caa4f,0.002735126357026349
ck_819b482bca14c068,0.9378769302702858
ck_a61a879dd46fc9f2,0.0372298515156009
ck_af70aa32c009c3c9,0.045092319508532944
ck_f4fe78e249092ab1,0.1281001053400021
ck_12c46bc52bf45b36,0.223252533866104
ck_f05f5e4b40afa52f,0.15035374829450945
ck_0f8cb09d3f4fc980,0.7040973382681447
ck_80a64a7f0275a71d,0.00607235460637261
ck_683af7b1540a0b22,0.038190259555179934
ck_51fe0b613c076cbe,0.0006854058087417233
ck_da1a2450219dcf19,0.06467214687417744
ck_2a7eba01ceba6c2c,0.06874571315106216
ck_4e329e29dfa743ea,0.5542748431409077
ck_0274d881d6db82c8,0.025041555683895426
ck_0af5b7d128035b35,0.0010024716415285974
ck_ae0a7be6b0a0ea68,0.06988147294833226
ck_de5bb7a4d091386d,0.5308064470136541
ck_2bb7c17168a9d17d,0.21112303750928163
ck_0ffdff7b2f5fdfe4,0.16129976130344198
ck_718a8390b3d42d7d,0.010613699570871028
ck_7c4f12d70f184533,0.0012538159599691893
ck_d3e2c26b8adff099,0.03152092516301776
ck_ac9d3d9754104cf0,0.0742348675999427
ck_3b1766a1d51f8f0e,0.6332056000262051
ck_a9bf75bea912027b,0.28623531543489716
ck_687eab3ffe1f8cfa,0.32045290061072335
ck_25dd0b02af5b2f37,0.3667126093644102
ck_1747fcc466f0ae38,0.003955867923239874
ck_f6e9d14dfb6f3c28,0.35029908663729553
ck_c6a7bbd0adc4d5f3,0.23602326327827314
ck_46656a23f4456d22,0.9224749247543153
ck_7519260415c2998e,0.10403275823259481
ck_754f30ea19df857c,0.21359928090634966
ck_ba88a244d5f7380f,0.14564538870656998
ck_f268416945316815,0.0851241994228359
ck_21860dd2159dff28,0.00751025575844905
ck_7a86ef4e2beaec38,0.003722287037178358
ck_0414507baeea936a,0.09619454967882929
ck_60796eb60fc3043e,0.23026030464440628
ck_1e0841ed17fe0562,0.0439527844765237
ck_0d641d32658d6e0f,0.0738335003240852
ck_b36086ae6d87eec1,0.012315185868005455
ck_962e65ab33b5c311,0.9861685682924758
ck_b046a42684468e63,0.06746442863350226
ck_ab3426435b0017d6,0.16986927943880553
ck_fcfe06e44d09a344,0.008907109421431678
ck_0f6d916c92189516,0.05194989581758468
ck_d4c8f0d957c3965d,0.1318463884807928
ck_2ca83dbd728af019,0.023524660471358642
ck_2857a4ce9f72fbfa,0.01885735723081381
ck_a60e6edc48e3d0ac,0.8432787592223345
ck_0cbd3b27063d4415,0.25750622533388134
ck_612089ec90c37219,0.01902264543863135
ck_ec4e597f17f473c6,0.02670272930271763
ck_1c93cc58f314bf71,0.13136557788966613
ck_2b359a979520276e,0.2867931457885821
ck_1496568ddc3b2d56,0.06408113227590102
ck_41d91dc9f5063566,0.08134325778912282
ck_4c5ff58afe3d7a67,0.0011487433883105127
ck_81709736281fa3eb,0.03276206264459417
ck_d89abbab3d4957aa,0.009453958289859354
ck_52453401f88935da,0.0824772084797349
ck_a477654d34783e06,0.0223319045114867
ck_72dd0dbdf808cb00,0.06792669910188866
ck_c183dff3781746cb,0.24636431719450225
ck_c8b7f241810b45e5,0.0322775663238778
ck_f88028c3f306bc70,0.022049174706259122
ck_91d48d69e4f5d9c2,0.005853818718962711
ck_b74b9ba6d7c9aab7,0.22973829356442224
ck_03e904682dc73bba,0.04639034204486267
ck_fc6fed6ea96a004a,0.042434634793368
ck_51efdd240e34c642,0.1094104380337123
ck_e78ab4ff52b5fd2d,0.023419917238850334
ck_4af7b97c24d89a45,0.18151894819901981
ck_295c0072eca7f7a2,0.00836509149760816
ck_8abd1a50a9227463,0.1740485248745683
ck_ecaa6f13304e3dc5,0.00567716322639631
ck_de436e7b319be1fa,0.9969611241678948
ck_c802cf8f61466027,0.0063020396961167265
ck_3d83e0a3c1cfbf8b,0.005763112370361755
ck_28d2003c2d16e4b6,0.003147057111671425
ck_8ddaf745bbb9cd62,0.00717026664655144
ck_493b6256091014cd,0.34258002264163856
ck_a2245822cfea997d,0.041833974925583196
ck_f7305b3c64cf8a03,0.002829320726152063
ck_9937dad93a0ed3c1,0.08004105850057674
ck_d654449f9231ad76,0.00815084264998834
ck_850e2b59bc535490,0.1748488301224665
ck_e55e5bdfc0242aef,0.07746952476262615
ck_d35c51e981b98c5c,0.029982327762755886
ck_27cdf9c5e6f0915b,0.07051684859115485
ck_d328db1e1052d820,0.004978321838122633
ck_0ea30eff5f361cba,0.406102331183136
ck_9994323f97109f4b,0.9858804601437349
ck_09054e97bdf9624e,0.04627720533885075
ck_723b4afc388113c8,0.06981189345397802
ck_588f6e6a6a6d93e8,0.05963977633984985
ck_e1d563fab4d6116a,0.011305512952049658
ck_53aca610e20598bc,0.15114282693583195
ck_c8131ddc7ed33448,0.038283648679575975
ck_899f88464305824a,0.06743413780411799
ck_1c17c65804f8889e,0.0059779429349061984
ck_45a16ce12893cf9b,0.02357600614726962
ck_f9d481aa4f9b2808,0.8727016760481966
ck_1d5d74169cf892ef,0.03398414375295355
ck_aba32acb61c1aaca,0.03072850677602592
ck_ec4dd3675a8d28cc,0.0210615590581844
ck_5dcd443fe0bbdeac,0.0018816601921682174
ck_3a47e3f54475e854,0.001654790516509035
ck_a9aa5c344c315532,0.0696260939391428
ck_9652283c9f61fcec,0.0013575927296217245
ck_752dd3d2487f78ea,0.010276556172979729
ck_a821980ac4db9943,0.7490796247831167
ck_93e0d6befb67f7a1,0.0924678879663633
ck_e7a3881c3e36bd51,0.013042889075542952
ck_12631b78f8a03df2,0.0033364843302606216
ck_57b8226610b48854,0.010714478823831577
ck_352657008983fd4b,0.07793014103917496
ck_0841a5c24fd3dd28,0.03356145175687698
ck_db9b9d5d30f74070,0.6990819191874819
ck_a9dded7f6294e44f,0.16938107880321343
ck_91a16336ce3217dc,0.09109830344598026
ck_371bd9388b287677,0.002696783452528451
ck_f285e5e1912a7c62,0.00299229636299252
ck_368b65fca69fc415,0.17015265048578299
ck_d27a73596b6500c2,0.09431156771835035
ck_2d963f9b2c4d11e1,0.26110452295147557
ck_7c500e219af39486,0.028687537773456888
ck_7d025dea5951cba7,0.009558915930917221
ck_32f632706608859e,0.0006753803615754895
ck_53816231f3ffb48d,0.035521469766415764
ck_9dbe184e81c1ca8d,0.5585646484905208
ck_d74123617f22a21e,0.061112597818691175
ck_275386782b1606f8,0.0020593722566227012
ck_0b0e79d33e50cba5,0.14917160781302896
ck_ba93cb604f792915,0.14427596861528252
ck_a86cd653472eccbc,0.025789368056674318
ck_87771861e0447210,0.6180455683617458
ck_212380e0371d8a6d,0.02336516164683322
ck_ef0d702d7b0ed745,0.0013087962572236383
ck_2b8f33e22f939372,0.8261514006995787
ck_480347ad92037105,0.2580491102920935
ck_20124c3a16c53ce4,0.0298349789273589
ck_c9e1e3229baae708,0.02426795890008573
ck_b1befe967f7a5ebf,0.17199744026257605
ck_4672167d7c989bbf,0.15271327626238063
ck_f0c44ee5e3a42e3d,0.20636430800960978
ck_c416357d20238a4e,0.39212182595852946
ck_d0f470f8078c91df,0.16276521047455553
ck_3a70b4ee59084715,0.07057514309654889
ck_179ed66cdfc1ce27,0.01347367373898353
ck_387e5a7f163c7837,0.06245661510387938
ck_08fb463e69f647c8,0.9965523701227177
ck_732f725747393ec8,0.11438818047603391
ck_7cc5e0fa3ca5a713,0.00916679845409621
ck_ad4a4daa826ac68b,0.10003871055243577
ck_472e0be7a3b533bb,0.0991939047490687
ck_7190177963eafdd9,0.02304557822739254
ck_647ac26c5900f082,0.01931665680967185
ck_272ae2179bbd8e58,0.011013846423952957
ck_09b0d8af304646bd,0.002912961212987472
ck_ca0cc8ea9f344408,0.015986065915337497
ck_332ad134fb909869,0.05532308515955197
ck_fca2798914627dc8,0.15799935215802743
ck_4450b55f462ae134,0.005416450971640925
ck_d67d9dfb60b286b9,0.0009542865628655833
ck_a9d2bb4f2bde7052,0.03136217318025453
ck_929bcae878a3ecb3,0.5981253874007283
ck_59a9e000fa275e1f,0.02849734865752054
ck_57f17254e2688637,0.13474984273053467
ck_0508908697f60ce3,0.3007885679599331
ck_946afc2943298d26,0.009908893084394032
ck_7176d12b18f2cc0e,0.06356138284942461
ck_5c47b49c26cce286,0.4275915650257565
ck_b6a2bdb2d335e1d0,0.995957857880007
ck_1d58f6caaa4d012c,0.011578134220811448
ck_71c917295020ccc7,0.02337222317425876
ck_bc89644ae3688995,0.012022732765188305
ck_e7c212f16d6df272,0.07044430738991757
ck_c6d2e11a368184e6,0.007365360902378078
ck_eed7f1f7548df15b,0.012452490331992826
ck_75b69034000ca7bb,0.02903626242744379
ck_38da3bf629458682,0.00017410042591070165
ck_90114c891239d821,0.02257095746071003
ck_8ee08f6777cc155b,0.038283648679575975
ck_bd86132499defcd0,0.02369019054678855
ck_b95fbf2b5640aa82,0.007046452791557468
ck_c530235393360e3b,0.013469709303970175
ck_be52a7ec43241ba4,0.13194442102637707
ck_d96eb3cc55f2772f,0.08717062175711147
ck_dd34f0a844fb115d,0.35122503595818
ck_17cc7b411f448e66,0.44058800098010953
ck_856ea65fa27d06dd,0.048404797071221486
ck_056d5f0301c30902,0.2920918058903165
ck_e662b14b2bab23a2,0.5279746139480297
ck_209f574c8d92274e,0.002207042309223231
ck_62720b81617896cc,0.010223846756220952
ck_041614694b77e599,0.010317994084638798
ck_461e3f7b97db8d16,0.14266631496824778
ck_1b74b798eebeabdc,0.09026846224586574
ck_0ed2739384f1d644,0.021485480769230455
ck_5a4d19f1b83feeb8,0.008013931123359968
ck_463937167965a1f8,0.13942591389410683
ck_9d7151dbdf100e0e,0.03475499680645133
ck_20a7d1ce6cc27312,0.0022903279171643137
ck_6031211ff118cf0f,0.004042627923164924
ck_a6fc92aa91e99b77,0.9721611463649177
ck_0aaaa9d2f75a0518,0.010760139538646398
ck_ec26e327cc1848b2,0.017958601182291097
ck_0e6bebf8ae9b9b03,0.044019198151035346
ck_e107537a4cb738f4,0.0028060773610491226
ck_e8ea56e122a5a487,0.10785104586778921
ck_98149ed45d38c4d3,0.1073315625924346
ck_0e719b3a6906b8f1,0.0004692151405432775
ck_0c6e7bd357e4a348,0.004162755070057204
ck_d3b2b250da61db19,0.9355874669790463
ck_8bb6b0a292754576,0.03919686829261375
ck_87d70f5fe48a6128,0.041968209149920985
ck_ea9edf9c107d429f,0.021874224575987162
ck_059806c52cebe4f1,0.5115361703579404
ck_a72d6df666e1c21c,0.05069116701997999
ck_1d2b80ab6c4944b9,0.017423298748925915
ck_60557f077abc42ca,0.5699651340388996
ck_e5f5cb7dd6ce4a37,0.06354686081853515
ck_4c4a939154446053,0.10001169954030849
ck_50ede3eb561a202c,0.04356759094109531
ck_6d03a542922b2ae8,0.045713475925074284
ck_d6fe761ed0db3270,0.021480801778240362
ck_7f0cd6ea3096f985,0.029834039098271932
ck_23edb6d938a3b87b,0.009359373274691987
ck_799aaf9f2b9ef621,0.09234857268883392
ck_f8f6a03613b6dda8,0.006247684579641319
ck_7cffb189f4f514ec,0.9507593803632897
ck_c081e1967dcd811f,0.09497074999378731
ck_583d6ca78c97d91e,0.9223143070597377
ck_9332bbc7125219a7,0.01353516569819279
ck_956b5af6d7d86c65,0.9542239031598219
ck_2d634e3f24681c0f,0.14493651499526863
ck_7b35d218ed0c5a60,0.04521626580101097
ck_ca5b1057f8248f73,0.18827676892625486
ck_ec5ea81cf813597c,0.03745157302046246
ck_eaebaf4d28400fb8,0.14978925356007602
ck_ae2ab6be219219aa,0.008371023836460599
ck_d99a8b4c820eb46b,0.03512601022129135
ck_bcfb7ffb7cd428bd,0.025427377541409602
ck_3dd542c2d31be2c0,0.12895008215550915
ck_c7dd84401e29a7fc,0.0038539682863399745
ck_c4bcc7cefd40f8e2,0.016690948060954044
ck_c251898b5d51e3b0,0.16570573848095452
ck_36d37be780c1291c,0.0004569742737309457
ck_99b4f266b61ae7ee,0.0942786632355711
ck_c37f03995f0f0169,0.0005918229404754397
ck_65a23ac8e44eb901,0.013501061187066211
ck_644b1c1149eea9e0,0.06855585541036935
ck_9cf44eb0237c2429,0.06496262785070071
ck_20541686a94fb71c,0.1578006213944168
ck_c18245be844680f3,0.008558826310715934
ck_56de216eda6b7fa6,0.007867537846921763
ck_406c4442dee45cd1,0.014871110584385984
ck_df1585c7d72a96e0,0.006579795023651638
ck_b8e8dba20676d87b,0.11650757651079792
ck_0ee6965e68efc177,0.040904171228550855
ck_c2a5c54ad8d0d297,0.06004839554265018
ck_bf6fb7e6470e95cb,0.002717561535098944
ck_27fa694569140345,0.03628935624938579
ck_e04166b0ce66393a,0.004783622885787371
ck_8742114f4f0cb22c,0.30781053954463194
ck_6eceeafd56b42576,0.4975633547000553
ck_34f9951b0eca1965,0.23526022496138627
ck_384ccecd342a24ad,0.0046266052312421745
ck_49c98bebd1338879,0.007151950059735454
ck_6c26c12071c91ff6,0.024794069857116522
ck_01e5986ebb9a78f1,0.32045290061072335
ck_121db7ba3be29ee8,0.06530842232820135
ck_039e6d5a330cea1a,0.1243098145877586
ck_ae8c9163cf957d7e,0.09978827718139759
ck_3f5e8f3f1df0c8c7,0.094988679032891
ck_b1c51fdafcd80122,0.16164004645738816
ck_12e2b5ebfe8986b2,0.07733914284967469
ck_d55eb81a4d543c59,0.03161174889065052
ck_f85155ca5c312c7b,0.02028536617281248
ck_133d8a1ac7c0e301,0.9931593077617725
ck_04212a9bb9b28696,0.9994154392702548
ck_4cc11c7d3ca61f73,0.012737336247234613
ck_2df4854186ec515b,0.13879052723099586
ck_aa9b28e7fc43af79,0.9328951877486169
ck_47cad6c3def4c9e4,0.0047547648100201715
ck_fbff7b5da8111567,0.020695159703297026
ck_bd25ea782e375b22,0.19872590853134517
ck_7989376f8cf64a9d,0.014294872613042502
ck_675c0ca1ebb1051c,0.011246828620473959
ck_1436f6e11d4008f9,0.1445699600854817
ck_812cb3a4482cc618,0.019793079923378972
ck_6e606f73a1094afd,0.014227874690804094
ck_1b708e2a4a0584dd,0.00870785660248305
ck_a60d6b324bae0330,0.06620087333005464
ck_706a4f673a9fda3b,0.8950066595984237
ck_a75ece9a9044eed0,0.016946363723278353
ck_9aa45c4e03c8c57a,0.21787163250851582
ck_9fe9bdce982b312c,0.26071613447610886
ck_c6fbdc5ba68a8466,0.060310186951695106
ck_ed0cc1b1c28f9511,0.07518578571958932
ck_a4e2607b4c8021e8,0.008335419452731604
ck_e02f93f51cc8caf3,0.0032764257025801194
ck_7084ed3cf20781b7,0.1244950676683063
ck_cd4c63155570d6ea,0.01866895281365575
ck_d1b9e5d32d2d789f,0.2901617133319146
ck_68f56f6560a7a933,0.0016311123260279352
ck_8bedacc6233c6269,0.17679474962574665
ck_ab7cb50407d6b13e,0.18629028756991978
ck_f17ed7e0fd687742,0.44569272777563
ck_b0fe4b92fc70f72c,0.015652545763169635
ck_84d62b8196da2452,0.05887557257640655
ck_9e298cae167f4693,0.003195576251099718
ck_405b20ef9ad0ba5f,0.49205425520562607
ck_813e02e1ababd177,0.03124926818026167
ck_f234ab47061ba7c0,0.0007349932208777345
ck_22b587c18363899a,0.005999365173147653
ck_4e862c2f48c38aeb,0.15082523628624886
ck_b89cb90a420c9075,0.03272503701419832
ck_be2251640f27a3c9,0.5155211716572426
ck_46bec0bff167ed3f,0.16026778000706982
ck_c0032232c2868328,0.06486908540965328
ck_030cf09525dba4ba,0.010671052503397966
ck_6ecf56236789fc09,0.9968514959332344
ck_38d4ed52cbe6d123,0.18175592096310444
ck_2d923d957ffd4d53,0.03910014955102537
ck_3af1eb88728ed8c7,0.06716645192793153
ck_2f8120ca80a1592c,0.0019091926454353346
ck_6cabb1a133f0b151,0.10113737906569535
ck_bb6cf7e7b707731d,0.9725961306546512
ck_c8307fecafa90140,0.02938498879454
ck_75f968be67f46d24,0.038959313597550935
ck_df6fe4ec5a233213,0.009930296090587645
ck_b53e88c0e927d896,0.003377784699273024
ck_f0093064aa28f4d0,0.10893551470677282
ck_ec9976cabc63ff92,0.01100617370260576
ck_30dac0a58c5590cb,0.4311879297329084
ck_348a525791ae6475,0.38068630739281617
ck_b898d912d1181ef9,0.10842949044520644
ck_f5b1200dc6f95760,0.2125334287756302
ck_54978a073e7a0b1a,0.008849832484227174
ck_55933936536a4071,0.03239039518859335
ck_d6ba7ffd2ae08863,0.0035701532161300856
ck_404e2217fd87fdd2,0.0142739174657591
ck_dfaafdaefa5716b6,0.43438203610320003
ck_556c62e92d4e7e5b,0.3705878924430237
ck_7ce44f4e06d58111,0.3509004617722643
ck_465cb8ce232c7670,0.023190796802003796
ck_237508ca4fb37268,0.03797709237506638
ck_ba4a6b9aa63964ef,0.03722413725794527
ck_4802a0a7a1882c88,0.5124575056430253
ck_9478dfe4114c30f6,0.003619763998052643
ck_5138f6c575dec64c,0.005683552643778553
ck_aebb42afe430e2e9,0.026068684578007123
ck_004efa95555437e9,0.005489602072222428
ck_11af112667c98394,0.01757166147086127
ck_44e9a18a8645c9d3,0.15918491459952958
ck_2605fd571219e28d,0.022538492823601576
ck_dfc933493561d84f,0.015299601255562439
ck_67674348e68d1f25,0.06428947671704925
ck_dd97429277a2fa00,0.2360173595982348
ck_d3eab7a06eb48348,0.15352420564375394
ck_0b9fcff9667ec05a,0.013471964686658367
ck_fc4bfd6e739bddea,0.011856608833865401
ck_43292f70a03ddf2b,0.07407091742382482
ck_5ff6108056a3fef5,0.029943016914821576
ck_767e0be086b5f601,0.21939202231633045
ck_b8465b1a5666155b,0.005850433595873608
ck_ab2e3fc56f5b3aae,0.10926755256569913
ck_1833c81d693c1e07,0.973081284804738
ck_0308e0602b856445,0.06471895441386463
ck_ccbdfe744acff8bb,0.13795957313164378
ck_b294aa27a0b586d7,0.008991997161317928
ck_a3747201f377626d,0.9861411977774911
ck_edde1d7d1db24725,0.2218865963239573
ck_ae3b47d6e1063704,0.044019198151035346
ck_3aabf5e0f4defb41,0.04456297490423373
ck_f034adb57391f3d7,0.16695250551759627
ck_533672fb40531607,0.6583027446493509
ck_2a244f1ae08ef83c,0.053546412524556615
ck_a35d81bcc54ece2f,0.13680941642603725
ck_78a61215675b38f0,0.030080043460305593
ck_e013d88ea7939616,0.027721208880058718
ck_e5018f9418e0102e,0.31849848736682346
ck_d4e024fcda401a31,0.07959938116091733
ck_f736cffbdb82db34,0.0003119372524071421
ck_1507f5aa50cdf3a0,0.020589750106290976
ck_18270fee7c8fcee8,0.004187235947776029
ck_95ffa1a805a1c9d1,0.001716020716653269
ck_11132d245b94d045,0.01408600320666196
ck_7b93a622e40d8b14,0.32045290061072335
ck_3854c08d17704347,0.16252831352188285
ck_7717fcb100dc4b5f,0.02195229073724227
ck_ba54e0a1c328119b,0.9450934704304358
ck_a7afdac4ecbf2de4,0.4924076168570879
ck_ecfb771ed2352085,0.07626870870316547
ck_68be4fefc85a6b64,0.6529864367282121
ck_dac7c50bd6d0148f,0.13554223514568736
ck_87cf36a03bd63c24,0.2859969358822659
ck_8adb40b168b59d7c,0.06944449555164069
ck_8d2f62930777416b,0.10954741804466075
ck_9958b58da9e3c21c,0.16854722839655653
ck_9440335375701f44,0.012046226646347784
ck_e2f88e202b6f700a,0.019697175926442535
ck_4c7c50684827a2cf,0.04447145296890457
ck_8a6ea4a79b1c7a8e,0.0388202964374926
ck_186dbff4b24a3bbf,0.7080050771027765
ck_220fda3c11c59b6c,0.7116180962793398
ck_3acccc69f8b1fd14,0.0659318018893891
ck_9de191bf79afd676,0.025169918665558063
ck_6de6b1663f9457f4,0.01501830069178058
ck_062754f8b79b86e5,0.011882356257407254
ck_aa153a89a52f7eb5,0.32045290061072335
ck_34a6bd3be642f15c,0.08909626607126644
ck_9371c700d9830326,0.08917442659780458
ck_a99e0c258ad7576b,0.023487586051211228
ck_0a7ba51d626e932a,0.026790801094815547
ck_852c50bbba1ead13,0.49184856996593884
ck_43dc13b6b6d31297,0.6490380742272864
ck_7d81b59d615a6649,0.03966660432601985
ck_39a3f1da060e88bf,0.031069179033214427
ck_6fb2d142c09ed3ed,0.09056100612500383
ck_6e5752b87324b58c,0.018926257546318784
ck_9441d48a12e8a4bf,0.42040413096570206
ck_09e9c51eb538b255,0.33644526393865165
ck_8d0cd981ed3a183a,0.0962377584601246
ck_57c07c45269ca8c0,0.008645395067448304
ck_ccfc9ab888ba933d,0.5231237482215596
ck_9658a6ef471053f0,0.10355328244432659
ck_dac3852758f4ea89,0.004973429826262822
ck_b1ed2278f5f14d82,0.1538254482748687
ck_333544d173524f70,0.41410420094270095
ck_fd4582e3853ef23f,0.060353486337376
ck_614d936cef98db04,0.007814859785788306
ck_6bc351a3d57aac54,0.01976443404568247
ck_af5842fa7202ff25,0.051040525158002
ck_81307759252571be,0.15715721735828914
ck_b4d2f02d2cd45720,0.6329037520498438
ck_1bd753a4681946c8,0.9973608186765064
ck_46d8c029d46867b2,0.005188103078440709
ck_b7da6640fa2f49cf,0.8080642274038452
ck_9ea3d5a5a91fef9f,0.1629627927552889
ck_7b922518f667f76a,0.0008697220577467443
ck_2a5b31594206eb30,0.7831654898431525
ck_d9506476ad3f9e08,0.021037314326482755
ck_c8791f7ebd4d93c7,0.08717723516379138
ck_b5a3e20fd210017d,0.016340726638298986
ck_8e54386f4fe22cad,0.02878399958257205
ck_75296704f5806f56,0.026784632952154927
ck_0fbbc7a6af300368,0.005177665831380087
ck_d19bf4dc0627113d,0.0070155501469504255
ck_7951bd4eb99a0175,0.02219457683725307
ck_059e4fac6b7f704e,0.01705569315427814
ck_2ce8931af02a2ce3,0.003583046190891069
ck_9e665618a4860306,0.060253059952599726
ck_6fce5a893613fd2c,0.0002675090664710106
ck_9e3fbd04e3532f32,0.9456933141992763
ck_55f2ef0de3420e3e,0.22544143067997074
ck_8d87658a6f5d204c,0.794054066573868
ck_6d6ac1f5dd882aa5,0.001443592099448393
ck_55d0c7012d7ef236,0.2276995074891196
ck_7738eb085e5753d6,0.01721465198315225
ck_0e6e05c3cc8c8242,0.08798776327338297
ck_8d27ff8383d48132,0.026241281346471457
ck_9afc3bb849f3a64d,0.016824076187024677
ck_27eb86a9898cdfe3,0.03714268367246659
ck_1d40e4fc541abe93,0.40026224605403804
ck_4fd9dc00e1913587,0.9931901415414518
ck_b26cdb2b7b165d2e,0.12147826125523647
ck_a79a27767a02e31f,0.04445394583816096
ck_f0c18cb9f951a71e,0.08700281171144496
ck_50460e0189de6274,0.9906719300690577
ck_5e5280539257c986,0.016269778512948807
ck_eeb854318b3a6f0a,0.02340315568674743
ck_943f66f28dd24750,0.0014306838746239773
ck_984dd7452aee372d,0.37629852429160293
ck_ecaa6de0aca5e9a0,0.22795657064536085
ck_8f1cbc432e2774f8,0.06565857380958653
ck_d91d9f8445b9769a,0.9067340587354431
ck_73c18e03e3c7612e,0.009237646422128458
ck_aded05ada490da20,0.015568442536389527
ck_f744e208183971f8,0.0017586875649419232
ck_02d4cef6358ad3b7,0.03136238070846296
ck_08ff5bd467226a5f,0.014417752155891774
ck_f824b326d5089885,0.49055262294736407
ck_3420f2fd520890f3,0.07594129067387181
ck_1838cf8d00f5b1e1,0.008742011446698492
ck_a85182ad90b6f1e1,0.007208671584706346
ck_fecb39c82c43e76d,0.009217374492631165
ck_162513e73782929f,0.06356588690833893
ck_2c27b77c59d8f23b,0.7603311714425036
ck_4221e07b17388fd3,0.3437185069449057
ck_adfb8472d5c3d669,0.030538879274133297
ck_0742fe64055d686f,0.027993244189920868
ck_5060aefcc8b6f958,0.07104768239724701
ck_643f549b4ac78a26,0.4504857117667193
ck_dba767885bd6ad69,0.01320387438821944
ck_0dda35c0c64c7073,0.9975900567198139
ck_38ea56d43afa5660,0.02755296698759243
ck_d813e15ac91f487c,0.41220413525335736
ck_4c840e5585a7b167,0.6814547392082748
ck_cb8551453a7bb929,0.014796205600041409
ck_05a00b1dd5a03359,0.0393369822394077
ck_837cc7fd48453a01,0.055347151113527754
ck_49dd816b31fba6b6,0.7729647827693812
ck_86a61d9a39768e87,0.06371360312367765
ck_cd0e76f0e7bb38cc,0.18543865660721898
ck_dbe58392635133ca,0.40750839551369683
ck_3caec7dd6f8d02c9,0.26345572035593495
ck_bfd9bfc5b6ab4a54,0.2902927492153342
ck_2103399bdb2898a6,0.03169659869319297
ck_329f7de7279e74c5,0.028895563337019762
ck_9bf0d28119fc42c8,0.035806094216189605
ck_f781539b1042dc83,0.04875169346507273
ck_9986c7d781ac6b4e,0.013928044986955355
ck_a627734880aca848,0.001586874426511076
ck_2106e509d77fdb4a,0.6838189770361983
ck_420d1a9c604293ce,0.10408805848693778
ck_fce0610c527e2b56,0.052197039110659316
ck_073da541ec3f9d3d,0.038519239620124164
ck_aa5f3ab48c17fed8,0.3628611487059954
ck_0fc1086e1c9e04b6,0.021414772295338967
ck_5c33bb46c1a5945b,0.012264003020673812
ck_500948a8d4bd8e13,0.07623103846263296
ck_19becd44f2c3d2b5,0.14219386991195246
ck_7d0fe77dd5ddb656,0.047112615140791535
ck_f158d9e5f101bb35,0.0870448129417145
ck_cdd7c77823c2257f,0.4094509829761234
ck_6c7b41374f9b2e55,0.031840014877436935
ck_417090dbffb1a63c,0.010642195540497055
ck_dd0e17605f970319,0.010935887782982302
ck_3646515079e6be55,0.005896686618497563
ck_89c8b06aa8c84b2d,0.075686258668291
ck_e4d6dedd97233c07,0.12416684805280395
ck_bc82fb1895fddde5,0.10603153813577604
ck_88a8b1d442ca3686,0.06434499681546763
ck_5791f8f76a629a4f,0.2832361651053431
ck_9cf5e88e97c8c7ea,0.07502436436261109
ck_58fd684aa5a6f289,0.0054813200704221104
ck_9800c21dfbd8e811,0.02402011016502549
ck_8ae64df60ab6ccda,0.09015883944870749
ck_e535fb0f0c00418d,0.319812574752243
ck_48011996d54855ac,0.6897601503655898
ck_ac79c72a8fe3fdef,0.439575077901613
ck_b8cc2df5192bc49b,0.06910375475342447
ck_e96a5e1f08f8a867,0.012794871891767128
ck_84df6770549e43fa,0.004392804796631867
ck_e5f7b99ba6ec5767,0.07898217068485805
ck_8347455ab53ff620,0.008911926316999852
ck_a84f2cdf695a71d6,0.006630090535567324
ck_90456160115f9ef4,0.025010298691008126
ck_ebd178b3f3a9c50c,0.0461268506206692
ck_e1140be6157bacbe,0.08098506076836726
ck_744ffc11d32b96bc,0.0852439677315414
ck_e12a9f7d027e3387,0.0060371681900583665
ck_cbe525da0b69f18a,0.06149864910560097
ck_aa59702537557ff1,0.3558575889218722
ck_0348cc6908f7f3af,0.0010699843559397937
ck_120e995d50956bee,0.11281878992498069
ck_9fcde1ff46cbbea5,0.0024557032833198936
ck_54b0b070689c50d6,0.017222944771717492
ck_966a167758fddfd4,0.1945930247310359
ck_d5194f2e92fd6427,0.10023809385275423
ck_2ee84f3fa27f2cb8,0.0046575197884532295
ck_57d0a7eb7eae2eaf,0.18262908941065428
ck_6a2c4edd82e10969,0.0007623338401866437
ck_96e4d38ef670eaff,0.08276645214251728
ck_52cc2fd5095b169d,0.0729880840381413
ck_4b088920f3a844c1,0.32045290061072335
ck_8f3ccbd20d59f1f4,0.014512760507575075
ck_e5e5dc431bed6f9d,0.015428208902227064
ck_e8b5bfa6838e28d1,0.07953806663271099
ck_4bfeb78b47b7c6a1,0.4525341184397613
ck_a705c61bd679496f,0.016796212915024634
ck_731869a0c39cb2fe,0.04184965187177623
ck_259eb102342057ea,0.05297463495396916
ck_47a6005fabc33551,0.07048763073160762
ck_682262b455a9edd4,0.004414478120725693
ck_e839d104854945f0,0.0015664113492515278
ck_761989aa4c47d746,0.25345214864617366
ck_44211dc210139ed3,0.36162421421467433
ck_9915ceedf63a5289,0.35539739623536093
ck_da59ab47cb6284ad,0.006359880482839073
ck_e5cdbfcca2456652,0.00826093708083853
ck_13f2560c6a1ec62f,0.06102447934919556
ck_a0543e9b3abe1001,0.0550277933825866
ck_11c7a58e09e6547b,0.02152995071559754
ck_69587a134d43a4ad,0.7689612647258588
ck_28dc0de0ae291f37,0.18196561652302998
ck_298922703c5bbe05,0.0959235200695869
ck_fa5ba9ed9ed6a343,0.14153300997756177
ck_c08e64d424e56c05,0.047250508795024966
ck_598e036a28262aeb,0.39163000641782175
ck_3f7c870510083a51,0.25660611152317375
ck_364f8203a3e98d36,0.679223131790961
ck_7333cedb61506ead,0.015922858721151317
ck_1d96d7fd65f208b2,0.0299452302059033
ck_63133a79f23e2627,0.16414243086138092
ck_901d820e0b72abae,0.030923039276018416
ck_5dd80b3c01457bd8,0.03447710481714398
ck_c0b8067c144ed6c1,0.044145075823227145
ck_cebb8aa8c8f62c60,0.021209647918696267
ck_79749eca42ff1f5f,0.014551446409799043
ck_2cc1d9b587f6da31,0.1601214862163722
ck_ccc7916b56d42195,0.024752658175437717
ck_e43e53cc7b8b8e41,0.21379648927400516
ck_4ab74a6e7450416c,0.008320062541027648
ck_6e44024e9de301c6,0.0035755929875036048
ck_dd78cb6ae2866cc6,0.038174660624831956
ck_c363d3b050baf3b8,0.051676445353912276
ck_2d46291975f0dd08,0.006277370601846174
ck_76ebeb5aee42f041,0.32045290061072335
ck_8395f004cf4d4c08,0.0011625018037838746
ck_de7259c3741db179,0.08989086891515785
ck_3938e92585df2b34,0.05141606524945584
ck_af69bfcf4f07d932,0.01442531612799879
ck_1723900ab9afe374,0.2403502760798523
ck_3d58628d1c853c8a,0.03489341239337408
ck_12a074db100481cf,0.3633405309993607
ck_8716cbf892c50e29,0.16196721571762454
ck_fbf7351958ad9615,0.018123560258984237
ck_a50370907e6b397c,0.34135804138829207
ck_937402a60df0821c,0.007795145564174059
ck_8ce9c5807acbef48,0.01821831027482248
ck_acf7d65eaaa4c31c,0.006208127547805031
ck_ec3eb6dd0967cac5,0.03791179756927457
ck_fc832b0c90c9bdb9,0.9886565436814163
ck_8129e81cde280131,0.012493839923073728
ck_52c0ef68aa2fb8cf,0.06825459576134764
ck_06f042e9b1b662fd,0.1896058592855674
ck_0bf35dcf7b38f650,0.005625587212132721
ck_615763afc2e17a7f,0.0017090793670488246
ck_e72db9d4b2fc9997,0.9922060662566545
ck_13757bf0eeb353e2,0.01833643309113247
ck_abaf371ec8249c4a,0.5628711262824455
ck_9b7167da0920c37b,0.16789813186514194
ck_2e824b0b27494a17,0.21719029375559099
ck_9a0b605e9c3220c4,0.035886395642334534
ck_a5276af466b681de,0.006558388078174947
ck_9e0383e1fb6e214d,0.07411076701499744
ck_6a27c44b691dbfac,0.013393156292145604
ck_af39767cf583905b,0.02979145925369331
ck_243b1b9fdd3f9a74,0.005020968730421795
ck_c0422e638a9c6046,0.17454335298433282
ck_e0f3ea3373dfc4aa,0.05240662936335081
ck_d56ee1654378ffc7,0.06506412019191013
ck_20cd2f5666719baa,0.0005995339877866382
ck_4dfa1c1e9b69fcc8,0.04905458981111786
ck_5d22e9ca1d15180b,0.6158287571215626
ck_f4a7ac178fd55f0e,0.065882563443221
ck_fd5609bd23a1eaf8,0.0019149888647876695
ck_49c3bf13dc9471ce,0.11244939852878492
ck_724085c3452d4693,0.7915396135539248
ck_e5d1462846154a75,0.17197042269619336
ck_c69ef0f3e7d6acf9,0.14527026771002
ck_a2d0417791d4132d,0.010599940881032433
ck_00a07fc2a9183c3a,0.003155022969289802
ck_781b8288e54ba8f8,0.5083609595797598
ck_d74a62ab3804a81b,0.0058317149950971765
ck_abcbde211b6267f8,0.027426688784733113
ck_16dbafc035574654,0.00821664148020724
ck_018f780215ecaf38,0.014664024197732566
ck_0b259620eac51618,0.010480246144846899
ck_4f875342394c110f,0.11879152466243253
ck_399e45e5fe9beaee,0.10720105107193792
ck_36224a2d394ebfe4,0.3592523827101004
ck_c189b551bd111332,0.0018239400068897776
ck_125c5a720ecb177a,0.43798025429985876
ck_76d010aa02eb477a,0.004270483221056164
ck_1071d14c46c92379,0.6460333347809013
ck_61d244b2cde483af,0.06905178848926383
ck_2ff1860da2004c84,0.016931832057163247
ck_c5b583490198672d,0.004413215808629162
ck_1294f7af22fade11,0.6101126403109681
ck_e3a22799716df39d,0.046423675421634655
ck_c77e22834ef97005,0.850385833429242
ck_73d3689728270a2b,0.006213025963482157
ck_295565fbf77ef885,0.024647476428130675
ck_80c0a7f54ff4895d,0.01584091357123988
ck_f1ef5cf7f10b16c8,0.05584673258959058
ck_a958b2461ffc21a2,0.6310247364938243
ck_0e7899a57cd617d6,0.004402509166848655
ck_9d4fed252718f58a,0.026408164029733342
ck_83c2c34add971d76,0.008256201455966382
ck_9ccc030ba2de9fb2,0.1605998191566097
ck_cd691e3466fb3742,0.17578636356137417
ck_49df70f908dfd069,0.11988856012715622
ck_362ce13eec1e33a0,0.005484684844235215
ck_2452a30397dfc54c,0.09497074999378731
ck_a443d49c2b4863b0,0.04564873800040793
ck_c8b2e2cb349dd0ff,0.02475712868403411
ck_354909fecf5da8cf,0.015424396584763782
ck_841f598bbd54c83f,0.02118955073970689
ck_cd6fbd4e8724f994,0.08592797053977319
ck_e0b3158111370118,0.034872703240974655
ck_4c2f2eb657c2c60e,0.01853241793185981
ck_ef346071f0b7654b,0.03596307612024829
ck_f3bc10e3decefce4,0.0053979895468355904
ck_189b6fbe9b9192e7,0.06630859210569234
ck_5245cbc5ff4d4fa6,0.01049310801999523
ck_cb42e3be6fe87f60,0.010149803153043589
ck_966d4d713cbc7792,0.00836402521920424
ck_1c8c969667cbaab2,0.9534731277620786
ck_d35e3aa9ef5d405e,0.469158740192822
ck_a1c39df50a5873b3,0.44002828319863757
ck_a152165caf295b51,0.01367006397546737
ck_891eaedae139828e,0.007185726515820881
ck_1a46b56f4734d52e,0.06962659051043575
ck_5e36042cfad96c99,0.6936715282508191
ck_02a8582c2603e675,0.011882493665107003
ck_6def9d0429e4ed4b,0.08265381894431863
ck_e137400825a1e3e6,0.014316947589167997
ck_d91ab840848a54fc,0.012237697605621344
ck_becb6e1c608e0078,0.017025143251762416
ck_6fd8c86ac719d7eb,0.45550514413027526
ck_3ed4d13f12fd9d0e,0.17518743982201745
ck_007337aa99a4891e,0.001591996058713888
ck_60c3d8306527a08d,0.0066503060184144305
ck_95458880a54df0b1,0.6084178904536113
ck_b48cd8593533fc1d,0.9478524457981754
ck_021c6a4a7e3f1f0e,0.02069813218367162
ck_764d40f865e710af,0.003780386755860534
ck_4b84357ae8ec7777,0.04429999411001711
ck_3397c7856b4669a5,0.019175975831863073
ck_920bb003b42e6310,0.0011554293742079046
ck_8f59f11b512d5b7c,0.03657400705684402
ck_a3acf4b986afa98b,0.26786052634974117
ck_e89d25ed7bdeeaea,0.2038724866918103
ck_70e6bca473bf6902,0.004083096592272081
ck_186161ce152836f5,0.0031292813518789585
ck_9191579254663f5d,0.008984936903301837
ck_1e6628879e9d653c,0.008907081113080145
ck_b498fa91a0776ff6,0.021743442449488348
ck_cfc2384f22954830,0.15512783151237383
ck_17673a1c2867888a,0.004494593152590751
ck_523dce06515b072d,0.05494120644823874
ck_c20638a325ead2e4,0.005659005068905232
ck_d3877e1f907cc148,0.0701652553953765
ck_e9a2495dea8675e2,0.07070007040140266
ck_7e561caa5fa1f3f1,0.062078006087987955
ck_455672e652fe1abc,0.9568471263931119
ck_7f8f864fcc90ca82,0.05430736219296505
ck_1ad36046aaeb816c,0.008597530379568523
ck_de056e37c82e8e00,0.045977157266942834
ck_7484c214c889fe7f,0.15494030712202508
ck_32430e678c4f9f53,0.026242647073996452
ck_6276ece8f80ea799,0.17527446311605235
ck_ae8e5dc4b725bc25,0.059329873579823465
ck_f01be92dc78a2dc7,0.0033724203388841314
ck_233397a8bd40d38d,0.013186747672544543
ck_f8124911450fdf31,0.9885541852816035
ck_aa0a3179f1111674,0.0048664630512214
ck_2366b29ed9887a5e,0.013845116230452478
ck_1f22f04dfc08cf27,0.029386872202496934
ck_b62276c3426d680c,0.03758152363216394
ck_d099fca88691f66f,0.08644770078876002
ck_166bd1dcbaf4d6fa,0.016726869544259386
ck_7b1660e942436e12,0.02522502139549667
ck_4a9a791a1d409a3d,0.30727334494479863
ck_b003e5b54df65db4,0.042650476013989934
ck_64b4dcbf436f0b75,0.003969194564348799
ck_26e9a7bb2061a58e,0.2596788129711873
ck_08b77ad5f8f73007,0.019891751508984822
ck_366616a725afc6bd,0.4541303983173811
ck_934fb5064b6eefe2,0.0024607482581552693
ck_c6abd5d57b1009d2,0.006092710645439642
ck_edcfa9e1cf29d813,0.14249348468820303
ck_c30201ebd003fdc7,0.04891232958113097
ck_c54643d94d3ce355,0.19243636068453834
ck_02adda6e91e49650,0.016554815924423344
ck_5b73d7c5255e58a3,0.561946796151582
ck_129ffae92dc01408,0.05488138195614089
ck_fa321945ebedb916,0.2058587930126191
ck_8da980cb2e1e2bfb,0.09798394616076218
ck_0576b00d728bdf19,0.051775450978624224
ck_c543d82e22b3c8a5,0.013036683323208233
ck_0027ba644f9ae2cd,0.6959358809507908
ck_8dbf61df902a6bbc,0.014833345392945993
ck_90eeca1cda79fd41,0.003686298396883329
ck_86d7127391d4e01f,0.003390972940258544
ck_73762038c7ff2f6f,0.007683726746849021
ck_a1484e6215fac651,0.9156014280924036
ck_cb83b9f806e90dc6,0.672949153990813
ck_8c6f059c95872126,0.008946453206570839
ck_3174419a81e7caf2,0.018954029019604034
ck_6a0f8f8fa4a3c2bc,0.07757350481313968
ck_b5777605668bfca1,0.009255837336516791
ck_27e4de495abb4d15,0.03003135915151557
ck_7f6fa79c7a107161,0.010146355881888017
ck_c36ed9f8e6792ea4,0.01856035966209145
ck_67a1aa88d2ea554a,0.22516768552620878
ck_09748dfe4df3d540,0.07331158071182645
ck_27fd85b1e38b675a,0.004590406843216359
ck_2369689bd795ee10,0.0035141617554856758
ck_4eb1c12f7d092bac,0.001870064269711837
ck_01fbafc42c8e33f5,0.02415227224489084
ck_93c4e05699b3b7d0,0.015639266914637767
ck_afc484d1b6907983,0.001654790516509035
ck_1b2d9cae92a1aab1,0.4279772602953576
ck_73b729cb161487f2,0.006210940434157787
ck_fe3c1d0ac090d960,0.19088127681905442
ck_408efac1d3885ff8,0.28948555109646124
ck_ccb4dd9d0a48a76e,0.022845070534615056
ck_2987eab34ca7805d,0.1811414995940313
ck_1dbf1f15193197db,0.13484971555725905
ck_4ed711fe4053e74d,0.30311202088055367
ck_6c54adce174f45f4,0.0062140248512329525
ck_a6c740041faf0bd5,0.0020707938700939804
ck_b05c4d33c4f43639,0.1466658302514657
ck_032880f1114dd51c,0.18433648394352797
ck_22311b037456a76e,0.005108535079427215
ck_5866b413549765bf,0.007100884689383151
ck_0e808afe2570ecac,0.04247486664462754
ck_634276b05f4381f8,0.00400804905830412
ck_5d8773badd0d4740,0.0760970598985603
ck_82b5b79ce3517102,0.9957099553489615
ck_b378b8d8100ee4b1,0.08340151184356735
ck_54e581f71be5430d,0.007667299311900694
ck_798ba4b8aa544fea,0.0035019842939906605
ck_3fe86b6331ff95e3,0.269588730918982
ck_81275d9d4c559e6f,0.010733748093421357
ck_99a4e5ef02d89493,0.10458196641785988
ck_54e2eb018d947790,0.08903685138785566
ck_966901ea9c77cc02,0.01969092670770705
ck_27d69ff4e0cb428c,0.27607600893370965
ck_2cee2dd7bbfc09a0,0.9895225157938978
ck_4136b00924695ab4,0.007111176545154798
ck_59a164c40c03a45f,0.001211783832790763
ck_3e24b026bc66789b,0.00031827179231233544
ck_8105bcf69a75ee47,0.02594027831753473
ck_7a1782cefe26a456,0.3003800588129895
ck_970c7dc195161272,0.011656219696661403
ck_a48ec0c00ae20e82,0.13748727526987942
ck_54b374ade34e1dc1,0.03256034893135094
ck_74e5dec189761d14,0.037803979984795254
ck_4717f24f2c6f40e1,0.05779967656435615
ck_fc8cd8a8209e802d,0.05556702550741811
ck_71db4131d7efe218,0.0018569876495497498
ck_45424ea6f0bc4650,0.6236195721442725
ck_3716c6181a5035bc,0.11546402253605682
ck_26de14b96bdad4f6,0.055449647534194985
ck_99c0a41ac9c73857,0.005175837253841657
ck_645f15bbbcff3b4f,0.9890152620144774
ck_b7e25ddd41514d4c,0.03771799619902604
ck_d5c14e877ca7b755,0.011981216274573128
ck_05ea4440dac6cfad,0.09473977085737095
ck_c58bafff7b1955cc,0.09164939882776452
ck_f0cf85b67a9b840f,0.16276521047455553
ck_ce1500a7f0d03fba,0.003949909343925418
ck_d4972a775aadbbc8,0.04920148631115863
ck_3eb6146c262e0fc3,0.006672710747105325
ck_afb23858a4ef42ed,0.994658986425371
ck_2c1def5c91c52a5b,0.7793843391847642
ck_72e550559487b919,0.009576898546980841
ck_0284dc2b4f856b3a,0.8653670470714486
ck_03be334935e999a2,0.25726894708006
ck_e35a4b4a3cb4cedf,0.04767119116793083
ck_5abe57dfff4b735c,0.042876085444942896
ck_f5f87f772388efa0,0.0948403340234998
ck_5a22cb36d612236e,0.004445449042208517
ck_8ff1e6028e764472,0.9682926218187372
ck_2ab28149b0986642,0.15268315879540356
ck_c88fc1bac79fa6d3,0.23147911712344563
ck_5b137d74bba6b1b4,0.02154866761549502
ck_11f362dca2dfaf5a,0.032536605054707846
ck_7f960541e5174565,0.046135131836595476
ck_d5458ba39ae94498,0.3396998136655901
ck_0a921a73a90c2e39,0.0691592181255427
ck_6ad56ef40086dbe4,0.0031292813518789585
ck_b68199ecccf2350c,0.0006155392903343541
ck_6dac66c8198c07d8,0.012801391464152495
ck_9b9ce7bebc235fe8,0.008621828161498616
ck_6b817117d87063a8,0.04196046077517925
ck_900d62b3184378c7,0.036417380213386814
ck_eafe9b89857149b5,0.009664859528747545
ck_e74716a525ee5b24,0.0037906317802630174
ck_4e9a6f06ab134102,0.14844939802313176
ck_b0d33b5a3716661d,0.0718443625963541
ck_8703543bf3134306,0.05768979642150157
ck_923d6a0f83accef1,0.031190035932739512
ck_52e37e2170532e2a,0.6276100260487534
ck_c1c5ea839c58958a,0.16638476300788524
ck_660f0006780e87e7,0.01743336959237691
ck_830b2c5d1818ac07,0.04737326225636418
ck_b080ff636932d1f1,0.0012591989244376829
ck_38730aace405f2ae,0.9995902885809139
ck_9790138467a06223,0.00026679118134496086
ck_10de0b0d86b17839,0.020582064724729728
ck_c3e37a4d3382c32e,0.010074801444778786
ck_dd8edfefa1eba531,0.02398463156427724
ck_8153cdadd300d234,0.00104855474287625
ck_74d0e7c2c6b63d36,0.9745572043245496
ck_c478aae3031bb328,0.0232396133876338
ck_cf301f2194975866,0.027744001829719662
ck_f4de03f44e3a5bd5,0.07854339727979426
ck_b06ce826e593b210,0.2430637084331632
ck_2fc70b6baf6a0e26,0.020082629710434497
ck_d208494cf5c90047,0.40510667404156986
ck_086d29ccae565e5d,0.01279981029172926
ck_d5ef6dc116dee408,0.025293611441298287
ck_fdf0c5b722d83464,0.0767626856149886
ck_de8494b13adeffb5,0.17064034586379445
ck_556786868599143b,0.00467352262511657
ck_4940e78cbdcfecf3,0.003264809079005189
ck_d32fbbfe32c00416,0.07693482428701032
ck_bc7710f7e9fae649,0.008151970979997866
ck_416f7ac57da081a3,0.043039608560702276
ck_6fb39b60c67d5475,0.021372346666014702
ck_e40a156511345d6a,0.005228300903314576
ck_49ab879b5aa7fccd,0.20450803475057197
ck_bb643194d1cbc47c,0.9935670937493035
ck_b3ce8f1bcedfa043,0.0089628596816031
ck_558ebde8c29132a4,0.15544288216313454
ck_e6222925762273b8,0.42705333739753887
ck_bd80546b4807dd59,0.3219637787911637
ck_bd21164bd2bbb635,0.019252906220331347
ck_ea835557d7043667,0.04135332829403724
ck_1411a80a157ff39c,0.04128036690784322
ck_ab973888c20c9120,0.2072197718232147
ck_95b48972061abe82,0.030170059608333768
ck_fc4a43f8876bf10f,0.045006904551744754
ck_f34fb7ccf82f41e5,0.008968682168130574
ck_5af9934a56801ac0,0.009659103745170823
ck_fc7445ec76389a58,0.2836694111291716
ck_1eeacc26f02fbba4,0.13132374894623053
ck_4f325dd15c9bd45c,0.0711977708928298
ck_5009a6c8bbaf15ba,0.08974258254642482
ck_0f3de7f074bb33af,0.03509653599122623
ck_2cbc2f93a32eede8,0.14883442920814144
ck_4bb90a61c21a303b,0.03734277765709146
ck_3ade9eac7d7b0dbf,0.5679285271615261
ck_4859a58629622915,0.11234191212442084
ck_5fed957287ebca03,0.008089161731377763
ck_ec01ae5351500355,0.028820271688204592
ck_703b41624ae6a5b6,0.004598837765155849
ck_97c38e7f61c27e47,0.17602210724172018
ck_db2c0908150cb2cc,0.2322191976980328
ck_64ac5e6fed86ab60,0.9839697450754671
ck_da1c853b0a061e83,0.19511109186064518
ck_9a36916b60178ded,0.9411871241101557
ck_3715bfa7fed2c675,0.013419824610714344
ck_dd3feb77d7d4f6d3,0.00588992527857084
ck_982ebb24174a4ade,0.009209281043784618
ck_f6b7a10d47dd9a1f,0.2099278871929771
ck_1f56fe99f250cdf4,0.10791656289839821
ck_deb3ac0606d6f6db,0.009283735571030946
ck_e666629e5a41b39b,0.018159257109390762
ck_756d2c13d02b3e09,0.10206006681169537
ck_7bc752ae7cf5d55f,0.008246825078492753
ck_fc0cc4b25e6a8194,0.01090485584441755
ck_9b2b0e286de78a1b,0.0251260444021835
ck_24b0803447211bf3,0.056163686599178024
ck_82eed68d05a42128,0.08276126424128688
ck_c8a03c516ed5b05c,0.16826706634715313
ck_e914974cee1bccb1,0.32558339106273393
ck_0c533ff2d0f9962a,0.18566603503468185
ck_c12805fa5d970a83,0.32866463105848176
ck_fc2cb29918631f10,0.32406187690758276
ck_c20e89afe575549b,0.1568699302547708
ck_e1ff9e31becc27ae,0.013524104581167446
ck_18116d0ac08f1996,0.9805992384309611
ck_885a83975cea5e64,0.016069269744842348
ck_a0c3059a959ba5d1,0.2665200740531301
ck_75257ca7d7da2861,0.07037498095198093
ck_2210f7a0d13bdbef,0.053988366987880745
ck_9cbd9ecf8374f65f,0.027910794744432713
ck_18f67c00ba21fbde,0.0025347351664485192
ck_2d28f14d3973d8fb,0.1714347036651992
ck_8b3401b44aaae728,0.026102363023007703
ck_9d8e9ef37797d3af,0.9178173795078886
ck_9f50920c894f64e1,0.020029328372602958
ck_4737e0d56c6fa0a1,0.048384827315778534
ck_52c311f29ca3aca9,0.00045277722321510294
ck_6a4981bc721df37a,0.1513893266625004
ck_823539d936c55fc6,0.0011138235523634517
ck_df5aedb4118020bf,0.9615384552097124
ck_a911a066ff0f7b56,0.32045290061072335
ck_684609767df4a14b,0.25344987140419883
ck_f2350bf355dc919e,0.18015289018227837
ck_8452b6cf97c65a5e,0.05390138135255692
ck_084cd84501012218,0.9865543807233483
ck_ace6b72e5bf3e93b,0.32486155198240674
ck_2afdd69094c955c5,0.27511468840305514
ck_fa7d5be26bf7b31c,0.4795569407663075
ck_4b041217690fca2f,0.06764751415867973
ck_9fb8e3d38cdf276d,0.978084892778235
ck_c1ee56d65a42f59f,0.35033200538804615
ck_fdeaa1cd085691f0,0.09218854075670439
ck_5de33a7a87e9aa62,0.3030807379071375
ck_7476e7fe1ff45545,0.01321804461945743
ck_b0a947b498e47018,0.050263347538406465
ck_e3894ed88a7977e4,0.00238114250994442
ck_c7e07ebfb0bc15f6,0.1800284884720602
ck_3a3daa8b376f2a18,0.007956460762623309
ck_87809324c2675b0a,0.18460866341953544
ck_7eb4f33260f1dcd4,0.012507698753824669
ck_ab9f0e08af030060,0.02986897900242913
ck_5b8fc4a76f340797,0.023736176907745522
ck_0e7bf10ef49aa818,0.23180237805300316
ck_a44462a3853ac67e,0.9978949720189639
ck_2d14bcd2e0fc043d,0.005073396079587524
ck_df1f2dba802296be,0.9563788025889807
ck_466a7316eaf149b1,0.03505636921691723
ck_50df50af592b0c06,0.0028513714285155175
ck_5f9e34c849704b95,0.004597485355480831
ck_7836bf6def26aa87,0.09736413286160349
ck_ba175b1bd8efaabf,0.020721811031102412
ck_1a0aac7f7b94b1be,0.43553799057845494
ck_6768c4b2aa8ce586,0.28274594220198646
ck_eefcf0ed15897898,0.00870204209250088
ck_7a6cb27e390b6ceb,0.05691825086858547
ck_5275be4e1577c1c7,0.00611406910113743
ck_6bc0e5b8c0b7d2bd,0.10213030894373343
ck_4874bdec79f9106c,0.13171485609103412
ck_a678731156ad7bd2,0.10403250891271146
ck_db906debc36a5d1e,0.16167495566373147
ck_e87897767c612942,0.07608918048885416
ck_45ed5ee496ef8a67,0.14745787792805473
ck_ae20e28f9854f3ee,0.07324529551538304
ck_9ee044b73943a90b,0.017662315381592245
ck_dab34cf6f0626c9b,0.1449621142795893
ck_64a02b7b96149810,0.005892898761777973
ck_c417d06f3e94685d,0.1104344074033119
ck_3e0149cdee4cb294,0.11383255862482214
ck_0e6046fc30f81705,0.033476136522043815
ck_c383aeabd53e9c89,0.01444056324444739
ck_2ef76f1f36e8b869,0.4422278683689319
ck_43948784650bb9ac,0.0381826875697126
ck_bdb966f43ac350ee,0.20705768607754485
ck_5bea0e0ee0b094cd,0.011608447004800706
ck_dff090f03ca5529e,0.006246069205945154
ck_a4691b57f837d88e,0.035365213144125954
ck_99ee90946395d74d,0.7890563056349724
ck_cc81dbc83a8879fd,0.031573508382586234
ck_f3dc0725621b3a35,0.01782464144722899
ck_1bb212d1288b9689,0.3390768439421643
ck_9e7278fc7679f002,0.24089381020721976
ck_3ded7a8720d7e311,0.009358911205394662
ck_798157bcdb9453e1,0.011124299696012103
ck_9fba80f56f357fe1,0.054173160080698536
ck_f1e1c8491f16f912,0.011475454051014357
ck_7b1319a5ca2f63c6,0.9946737688459972
ck_124432fd5c92af7e,0.914602631253456
ck_148cb0c723284dc0,0.04458955287106826
ck_b56c62c950eda009,0.004005611108230417
ck_a0498755cd8d7188,0.0022755445651818492
ck_5379452a9d74efae,0.003162417854782496
ck_6c2453229d608183,0.05060989467757294
ck_f9d8b4813a88c1e6,0.03029746735196835
ck_c2c7d1e45a521857,0.36460796615016855
ck_4364a83a11743888,0.005079773680974999
ck_2cdf5fd97ba75e06,0.15021282106826353
ck_71bc01291e0533a0,0.4989870899654256
ck_a725d7aed2a0bdc2,0.008651289912343487
ck_a9b0c4dbd7db6a91,0.02100674967985366
ck_a4258806a533efa9,0.09374370843922537
ck_905e460591d9a278,0.617545926694876
ck_20de8abfd8960ee3,0.18729965391168688
ck_252b0a0f1119b220,0.006377356218668386
ck_95e4bef65c36af1a,0.0020222010779529344
ck_5ab68b434ad53fea,0.012187170493242024
ck_13677a1957078827,0.008190088055799107
ck_d251e9fa09e542dd,0.9993564214176822
ck_700cb620f300dd47,0.0038067871859470913
ck_39a68c55a1bd3ace,0.7025769750185205
ck_61a59a7944d6c53e,0.6762461903582484
ck_db6d1c6d31da967a,0.16394925187323078
ck_650020c500b1b50d,0.06093126199613548
ck_d812eb6930192793,0.013951300359708449
ck_92f6ebc11ebca89b,0.03466019857221879
ck_d87e26eb5bc84b01,0.0019462685362407917
ck_66439e697695224c,0.0031392730587844943
ck_f21efd504faa654c,0.11468464899937819
ck_15eed0f5652f0352,0.0642601597230687
ck_bcdbf57d98dc0d27,0.10849147469171654
ck_873ceb8004d3a9f7,0.276435397034106
ck_70bef9ddd4bab005,0.004138701530105329
ck_7560f1891d66f294,0.004955848191888716
ck_f439f16f8693883f,0.11438844911248036
ck_14f9535e53f9c7a6,0.006711512901186667
ck_5984be472d2bc267,0.4519981020768957
ck_ed01be7504dc4187,0.0803548164152486
ck_dc3d8b5c17b67ae9,0.0023715963970234143
ck_9dc23031b6b494af,0.32045290061072335
ck_fbdac0221bc03f66,0.023338650345130506
ck_863708a99b92ef0d,0.03995289760380241
ck_22b52654776a1ea8,0.7892697103571046
ck_a0714f98001efa0c,0.03723592722209655
ck_9c56114f84e9a541,0.05076484933748781
ck_e155cf506b2fb699,0.0409660983948834
ck_65ed7e72f24731e7,0.011527320570859482
ck_822d6e8e43befc72,0.6975946874530652
ck_b1182471d9ac6b26,0.001450872000754186
ck_821446adc95e6da5,0.1584481737481867
ck_ff182f033134dbb8,0.09271606416963202
ck_9c5feef7647b0588,0.05632611218791402
ck_df935d8bdd44883e,0.09412276686368197
ck_01eb24c18ad11fca,0.41715311444565223
ck_00d6730134a1eb51,0.06795120503544531
ck_79ba8e85678d0224,0.008199721351476303
ck_97e3b04a1350f6e4,0.010327489929162294
ck_74e9747954a46eaa,0.13259832779830535
ck_397d5fcc9972f909,0.32045290061072335
ck_9ede89e8a43c3f53,0.4168572274271062
ck_303b33910d67f306,0.003511903161208697
ck_3c17841636f6f7dc,0.021192001968399165
ck_78730527f8ba1438,0.6766863375624402
ck_5ee32bc6bb5d1d4c,0.7957881629399112
ck_a13fee8cd925d0dc,0.0011026624377165456
ck_6f847263379f2e43,0.18088199746410158
ck_9b9d9e579e7b55b2,0.2445840826455283
ck_87c1d0a79e79c84b,0.01731943609626881
ck_bfc453eabb472f91,0.0171975650100544
ck_978c21bb5fe3171e,0.08655728613360458
ck_dd882323474431d4,0.03299363838696265
ck_533c4f7400d5ab22,0.3087867537671157
ck_5f217bfe28954e75,0.9876612235876823
ck_ae96d35465b3b4bd,0.004335483661758391
ck_512ebe97c0af94dd,0.49319882922491454
ck_f558fe02bb0219b8,0.26933426645238157
ck_84092e23d5ef4d51,0.26976753611030824
ck_17d3022ca12eacd7,0.019198002208937793
ck_8a8f81bf3558fd9c,0.015270586145268198
ck_0ada6fed1864e7c4,0.08516811876467142
ck_21fe7bc59dcd78fb,0.018439200846289208
ck_e136e20c1c74fe38,0.01877538622937102
ck_e7a530e09d113dd7,0.02261491378564191
ck_7cb0c9ded4d63027,0.09812734824745108
ck_102db9615e722c9e,0.10021586587111193
ck_129e39ddfde92eeb,0.006565792936040118
ck_d730ff21bfd7769d,0.023582699231665675
ck_54459b45d2be8459,0.0014656071373515842
ck_7f1c20319eb60aa6,0.9969584271593713
ck_939fede90473e412,0.0028060773610491226
ck_e0f9506a6d5f4a1a,0.026689957395289177
ck_9a4967cdf49265cd,0.6427757237576082
ck_b9eaf03453ac7d5f,0.01083960939993766
ck_522477be6376b450,0.04096228608705357
ck_9b6282e3bad50710,0.09918113329597947
ck_a0e3a2facd508e49,0.07724833506740934
ck_97ffae702f7c3d08,0.016017505478233073
ck_344a95cb7115ec67,0.06874298575553012
ck_1f2760764afa45e8,0.016439959572664527
ck_720cd658d11ea428,0.10057033673133013
ck_04e32ee9834c088d,0.22815817648402317
ck_2bb1389e5e72c8f4,0.0811662578487191
ck_961e7dbc217cfbbc,0.0068033802626491285
ck_f3bce4eccfa6d6bb,0.0076687565816272955
ck_e0ccfa0d689339be,0.010529772592676154
ck_98217aeafa0bfefd,0.32045290061072335
ck_a02aeec1914c158a,0.045791443685195325
ck_20a17e8f206a14c8,0.003375416282868605
ck_114c32aad4b6183f,0.052724125918542426
ck_79f5198f0decef20,0.09665367850250675
ck_2209de229b4c71c5,0.212613352128548
ck_6ee939b7f396975f,0.07140349629860643
ck_202f0c14b07ace01,0.12261848669528376
ck_fa24db9d416ab904,0.008529053863815592
ck_cf6aa24b92c4d33c,0.7026308473752227
ck_45f57fb8194cefc8,0.009696531205433945
ck_d5eb179dc45394c6,0.05501866096142024
ck_efb24be983342f75,0.01371401290749491
ck_245f5d62ead5ef28,0.05589069536578161
ck_15fe2a47fa7e92ea,0.010656481126548805
ck_b6527a85fd682554,0.08335673420848078
ck_11f9390a11ce9ff5,0.3659147697084001
ck_ffb4d892c5158201,0.004870010537059338
ck_d4c1da5a1427fd6a,0.2029332617608374
ck_2c041b1efb1c5063,0.010007910773846006
ck_ecc18f40b33be769,0.370059695103584
ck_0525349f3945375b,0.4319274104382573
ck_0bfe62e0c7eab9c9,0.17203676345532223
ck_b7c37d410b1646c2,0.4886463655914327
ck_4b15b0746318cf42,0.28816009376223833
ck_e5ee006ecd8ff661,0.13305327345033727
ck_ccc83cf66365357b,0.4312935256149522
ck_34a33ffe8339f66d,0.95905857112674
ck_4e39e3b165edab58,0.9527881922915178
ck_1a71f8081ae00190,0.979267625556899
ck_ed8f1200fc049c40,0.9886283582325954
ck_8a5a57858e8c77f3,0.15772730764796922
ck_fff9fdc2adf5100b,0.8573377654493398
ck_c76f1bf40f3b787b,0.002287480516976147
ck_1a6ddfeef82b1b1a,0.00447499114021824
ck_478d2667aa9896d9,0.003475961406265611
ck_641c8e7694b21f3b,0.46053998701042853
ck_293581d879f6663b,0.6719706440213759
ck_1bfa8abdb22be8f0,0.43805063575682746
ck_05ab5b03d0bf9ce4,0.6894382883019755
ck_35694db37f0cde7a,0.0034304349577637646
ck_fe33eb743d714c03,0.025655974004375668
ck_abd10fbcbaf2b038,0.014023286279690347
ck_46d51648c1bf80e5,0.7725905727574675
ck_5c8390017fabfaef,0.014453880671773113
ck_87d55ca333f22072,0.04349619930642138
ck_c39c6a1453e2b92c,0.010295643732884852
ck_69ff1b0aa143a168,0.006167415400920186
ck_e57c79eaab35ded7,0.03247833350735786
ck_463ae759e2b6ad1d,0.016160923972087595
ck_0dae4a7eb587f3ba,0.02446859382647203
ck_9b12fb56529ebc4e,0.0260736256011053
ck_1af547077ba2dd03,0.8647786090277123
ck_de13de941bebc7cf,0.0036104703666313496
ck_83dde7da2bf647ac,0.005868977363391718
ck_c80a94d4660041fe,0.37691109628790953
ck_f39cfeb277ef6528,0.013010700844740417
ck_1cec1ed1512a2d3d,0.005664121071773216
ck_7955a359b6448799,0.017822895724458214
ck_8c0955dad13c3ca1,0.05509318080282418
ck_6d4cd2de601a2308,0.05565705114779211
ck_f4536ba8dd2d551d,0.0945377479405379
ck_b379c198d6db2d62,0.1050752472460862
ck_76ea90ebc74bcdc7,0.10713289435874808
ck_734f06bd4aa92781,0.024628322257752445
ck_677e1d0c14cbf569,0.01579475362029446
ck_259271c70f3fbcbe,0.16676438247277262
ck_c0b744eb9e7d4eb7,0.048648058393338654
ck_3d41faeb96802f68,0.0029123797428597703
ck_8f604fa70fc3c8e3,0.009419936851897221
ck_0b3c3bea0e0ed339,0.09217345999470894
ck_be5df076b8a86409,0.001661745119812264
ck_6a475fe324d7d790,0.013173267272889741
ck_3ba3fa5387bacee8,0.001333330958915659
ck_324b9939d9c1c31e,0.0011566745456265582
ck_a7fcf7b592f68ca1,0.027320316839031474
ck_5b2728f7cca414ae,0.0024431206338370874
ck_5f4a25ffd0b85a47,0.19806856365126138
ck_63d4f5076fe4406e,0.0010679005099068042
ck_af528d66c86f0cb8,0.032293484597631227
ck_ac7cdb9b8da7b5dd,0.03742611979186515
ck_3bece63711407e25,0.012294998009382578
ck_d4e0b2a12fcfc35e,0.0054941904671153
ck_ee3e7c9d3a9c74b4,0.6038412451769318
ck_50d7c4dab837bf66,0.044019198151035346
ck_ebcb93a2990fc914,0.2613957897876228
ck_2329cc9702cdf7a0,0.09712429176591474
ck_db1fa53d588bf99e,0.022649692844140673
ck_44e57a0bad5a0745,0.04307422448954751
ck_472c81a144f4631b,0.0019381141548317465
ck_1658429acd5306ba,0.24469611702814117
ck_466103ec5bd9444b,0.06730468109066887
ck_9757163e25262b74,0.18853999550963507
ck_34ed59bc2c9b0186,0.015819121854324946
ck_b7bd3a7f263f4f29,0.061975857520060615
ck_149662b09d632e41,0.012191353777595202
ck_a9ffd6b3957bd41e,0.00862543858919959
ck_ab80466ef615e85c,0.003083557552974572
ck_f2c824d3473db24c,0.05494501757939861
ck_a4a01fd45936b078,0.21078578099517167
ck_8f6ce158c2902877,0.003798108972155466
ck_5189a302cfa7cefd,0.002631298254952716
ck_430a3d03be588201,0.020498386035670058
ck_b5f9dd00914b4db4,0.06157924975529441
ck_52dec82e9cf6135a,0.0041513921590055885
ck_95e444a01e2ab4a5,0.2852026129741368
ck_e37cee7b123692af,0.06027630118866391
ck_d68d42858a55adff,0.1643347966278229
ck_3abfc010091d679d,0.027061999093358657
ck_cee4e4e1b62bf82f,0.0781295295488975
ck_9ccb17c35e636c5e,0.09817626283904574
ck_f72a5a3b0d6c1177,0.00910383932979564
ck_7508aa554fae6afb,0.06829712852037054
ck_003aa842b7ca1d77,0.893568959359214
ck_83b2b192f41ee2bc,0.1419794705918825
ck_64796b6b2c3c7f06,0.07885301272622118
ck_6438ae81d43cb196,0.008942706910694683
ck_2bd73d9098504760,0.1581176036431268
ck_aa8b9b36a099e4c8,0.032387024799724135
ck_e5ece47d0dd10526,0.020515618079973864
ck_16077ac345472e6a,0.011680158196264596
ck_a4d6e152b0076964,0.009992185474083167
ck_d90b1d03ae151f62,0.0189287289977791
ck_18b36d342b530af4,0.04503959457050367
ck_2a01e610348b84f8,0.06103246128335456
ck_0a93ed76bf36c8b6,0.21157929931231034
ck_3d56b477fe2370b6,0.04661664792493324
ck_17ab3068fa303682,0.022191160821979923
ck_592a3520d841d11b,0.12420969457137927
ck_84d07028b5fca2f6,0.10676785381129443
ck_f4a2bb10afa85743,0.019367421695516498
ck_4fe4b072f03f2c1e,0.0015254973794995295
ck_9ad08fcc183ea1e7,0.01762104731488694
ck_130d3848b9dcdb05,0.053020052410892186
ck_bb399ed6bf28c230,0.09027924870194194
ck_a31a64a39a2c4941,0.00810369896951308
ck_c49f25dfb39909cf,0.011569236577447463
ck_55f50a9ae2db8ff7,0.005106336105180836
ck_09faa4e771cf876b,0.2721292974748005
ck_df520a7a6e405889,0.3649436168416041
ck_8c8c98cc694ac900,0.03081069911977257
ck_7f0c4f609673ef62,0.05076484933748781
ck_f51fe59cd445d2cb,0.042331974832436274
ck_b3fb83f0d772a831,0.036478732374289335
ck_d6e7e257751c299b,0.017742719805394824
ck_0d362ddb4a1cb6d4,0.13627748659845634
ck_a574a08edaf81781,0.004396562425154147
ck_a823f5bcb0e4b9df,0.018881076535732826
ck_f792586ad0381eac,0.06039693088493881
ck_54bfd70022c66983,0.006734478694782644
ck_fe0a9372c9372de9,0.06483209690384795
ck_5691cd6fdb6d8147,0.09179618562595902
ck_a95f212a02433d23,0.020291014727016925
ck_f5adad75e1c06731,0.09632263741718937
ck_e09c97520eb0533c,0.015903860771851835
ck_a1e13c0d58560340,0.0009738668842217156
ck_cacc2ca410cbe80b,0.03635294118408421
ck_c0dde2a6ef1e08c5,0.012605829852374352
ck_a04403073c90ce38,0.009308968208560534
ck_03d3026107175dae,0.2421101580316764
ck_50176dae5b1b716d,0.0074066908922651485
ck_6c084bfcb38e96c3,0.11596287998530941
ck_36d2be9012f7909e,0.1178546747713048
ck_958acf84c6137a22,0.05328083135034889
ck_114722e12db90a73,0.014268946857823568
ck_203c2a22c0c165ac,0.03925377851387736
ck_2c44ca550e5cfa82,0.12056249063511387
ck_df0a8f20ab8f14f4,0.05304430022079603
ck_826a27ff7555192e,0.0461973392064868
ck_09a988ebcf062297,0.14117681793328785
ck_5c82444b3b9160ae,0.020816273306962896
ck_f6a4a7ed27fe76fc,0.09842528323490973
ck_17de46314b5c6a92,0.024681975458084884
ck_335e63101b1e6c4c,0.4574665652891966
ck_c5eefc0697451de9,0.10037551653491826
ck_49a0efb5d4067b6f,0.37767935909830636
ck_c1f4509c8f5dac5c,0.04148730757870305
ck_57658eda1c59bc52,0.0020121603222558794
ck_0d5c0736ec76385a,0.00435115539454134
ck_e0239e6ae30795a7,0.041519069794476116
ck_e4459115cd8e5e4f,0.027902921892649857
ck_bb4aec09d4968dda,0.5928548311667291
ck_a1b4c96faed3e0db,0.07306314311641779
ck_8247b79ac67aae7d,0.019039717180624985
ck_fe2fc7d6e5d83f09,0.0022828482082039472
ck_f6aea576cde8d592,0.0007603882023814534
ck_b7e7f7d0cd886412,0.5764250419930326
ck_ca7b993e8286af7f,0.36336588289093413
ck_47de038381a9cd65,0.0236852045995556
ck_d38f941d09eec820,0.02040150325529659
ck_d9ba2a6c0d926b4d,0.0036621356498120466
ck_cda72f597330d0f3,0.008038741916282892
ck_16d2d27fadeeacf7,0.006087480436175303
ck_be05447853d423a9,0.0011466471724066573
ck_cd92852d7376a4a8,0.026744562597908594
ck_2faf7ecccc9fec58,0.0008060081784516375
ck_db8733fd92f20cd7,0.2202879474237499
ck_a9989a3a94c26634,0.11077746238038652
ck_957fb25437c75e41,0.24236906151974205
ck_e6a6caf6e7de17c2,0.023751569340106853
ck_f7bc569b37e8bdda,0.03114229539937148
ck_703b375dd86a6124,0.0691156430317686
ck_d3cfb3603f2c6ca3,0.4389148813526925
ck_07cb2b6f2a4303e1,0.13718251737877293
ck_31631e2028d4f855,0.02771621058318373
ck_1631bab0ba1256db,0.021061120096434644
ck_5fdafeaec036f016,0.06611504803882659
ck_6eda4c36aecad602,0.08739425529042474
ck_bd1bf9e3e29de281,0.1873476810834235
ck_bf378ea558a4125f,0.903028515722988
ck_7aa2deeda0e57412,0.9960339594374523
ck_d229cf7f5a3f38ca,0.09059460067386546
ck_9e109edd124492a5,0.011993729390243473
ck_779491819995625d,0.2801788298173725
ck_b89c6fa2ad0a12f5,0.027339556216615567
ck_1d01b4a609918c4e,0.8993720694248879
ck_714c5d7cb17bc9f2,0.004438467296365257
ck_269f1746f2609ed4,0.005323583686910438
ck_4be03a2aa62b93c7,0.002478051083359375
ck_cf920313f6dd28fa,0.0411103044294998
ck_fb00aae4e17740c5,0.05076484933748781
ck_085d8c42739e2b10,0.9985224553537226
ck_c72a7d0d03cf3e17,0.39343044724283854
ck_8f6ca5d3b17eac6e,0.001475832450524639
ck_d9573100bbff4014,0.6288593500354789
ck_79d6793d1d0cf43c,0.008367065260415021
ck_91fa5032f7aff0f1,0.27979910511547584
ck_87110d84872c0fed,0.08557367144782262
ck_8220da627e9992a5,0.011650575690492703
ck_2ae44938847f3852,0.01019364875307958
ck_b0f191e44f9b6f35,0.3682400804575357
ck_3049d744b527f4d0,0.019434886519102964
ck_47d3e8d1dd3fbcef,0.09173829340255622
ck_ddf787359d2b5deb,0.0028717327139133973
ck_b27a9e39726b26d9,0.005636916796106863
ck_80c4e9274cf976b6,0.9898716168299292
ck_c6afa913168ce8fa,0.002010024678712913
ck_52427b3f8478db19,0.2146438105376032
ck_3b810f15ca0eaa55,0.02898888655200659
ck_0c9e420f97baaa06,0.9985473468019872
ck_f8540cf3a8b2f8c9,0.32045290061072335
ck_1402d24dd623df72,0.019655162106980224
ck_eb4f4267e24d042c,0.009040399139494355
ck_6f661b428d6fb8e4,0.12156051085883153
ck_519a26ecf3d29c90,0.08315366647068662
ck_e886ba71d4a6fd73,0.07323202991864639
ck_437f9ecd2016a1a8,0.006587768880654396
ck_f01af1b0c977cc06,0.04382243681707345
ck_614f777c2eb5d537,0.011921801260452097
ck_b804e784cde9af8b,0.006697666050730593
ck_c2dccbc1b24b137b,0.35098535525693164
ck_1df4a1781a0f6999,0.04053165674447348
ck_bd2cdd53fca26171,0.01739484209340077
ck_424c254249a109f0,0.13251074886010597
ck_cf2ca4f286e289ba,0.5407958473665151
ck_6c33cb15b0d8af54,0.01000254642556793
ck_311d395fa9b8550a,0.029768182835660194
ck_9f792e7e721ff7f1,0.006140126122007326
ck_4c37586080edb7fd,0.0012679495333130335
ck_7c4f42c5397113b0,0.025240091735538674
ck_fc418f53ce4aa579,0.9871337420063292
ck_1ba28fb7ef726ce2,0.02346203301721722
ck_d932f98bf6b83956,0.24957236199383795
ck_248b3659a9239240,0.021847183097450002
ck_6a92cf5f4cf5de38,0.024119501863097234
ck_65519d0fb137e0c5,0.019542919292382527
ck_ddc3fc99eaba2064,0.3239495895303202
ck_7310cda3bc65a73f,0.006531233565933561
ck_c01c85bd631d4054,0.0031310094030387314
ck_b4954d16b9749829,0.16276521047455553
ck_f301f6758e170d66,0.12540001236335246
ck_9bf95f8c47e7c7b4,0.005058811066838698
ck_c91b7fccf6aeb4a5,0.3311157654375119
ck_785fa45e86bc5e95,0.03279717656529404
ck_2a65f1cc23f1180e,0.0021287155249909363
ck_a49a2c1f881a3560,0.06395584196053927
ck_def344d68f06d749,0.05605212587139638
ck_abbd1465fc730d78,0.007128840093787685
ck_07a5610ed28162fb,0.04732714746068637
ck_7ecdee2d7127be8b,0.09827786825221993
ck_67858bc00e81490d,0.0010210509935667952
ck_b4ad165ace910222,0.003458240192683713
ck_30753ffe481a1b8c,0.9173103635186931
ck_c401a26725b17177,0.0025315971049183904
ck_819988d8a7f26415,0.012573043503652407
ck_3364a1d9261b3638,0.014097995927660149
ck_c484c5bda389bf20,0.030117203669594892
ck_ae416325fef92c9d,0.22165041663324045
ck_5517b9a865960542,0.0007481560984314963
ck_a0e96fed380440b2,0.009524649044751522
ck_e83409471d2b0b44,0.08712109620149625
ck_127273af97d7827d,0.0029104640643562957
ck_aaa9861c91bd14dd,0.025226184658253385
ck_a378c58294001a36,0.995591405194023
ck_abb9d65ff1f95b64,0.033525723173754914
ck_a5ecbefa849ae569,0.011212273054428117
ck_aa9953c0ca2bed7b,0.014045588899447318
ck_40bc6de252865f32,0.02700387310112188
ck_9fb11688dcfe1513,0.004784193581559654
ck_ba68841ca2ba073d,0.05480783402289394
ck_1d3e561a7d20be0a,0.9968308268374643
ck_99a92d710a29c1d0,0.022292519480667954
ck_ede2e887697ffac0,0.01687507227126432
ck_e6de67c0d82a7b83,0.02841829290645983
ck_6b38763bf5ddbcef,0.00273594041326456
ck_8dd44eead7d765a5,0.20002524916648082
ck_30bf5b0056eea9e9,0.9527261420019133
ck_2981d16f8a51a8ed,0.071853670505369
ck_fc60f42c68c7024f,0.08629354545246735
ck_8e2b2251ee224aa4,0.3574656071450102
ck_1906f0dfaf6e9bad,0.8355352674594747
ck_dcbe6814fc4ca0b4,0.2187981107862811
ck_f7e958a286ae3b57,0.28248830590640683
ck_713649668a7ca824,0.032894975865053765
ck_6f73cdbf9305e2ea,0.0712530967916717
ck_dd1c490050cd9051,0.023977375821384456
ck_e30db36e376606f7,0.39042435672597314
ck_740d8fe8028b5a2e,0.23333132798644723
ck_ebbc9418cd41f692,0.004341655166641782
ck_7b3cc6cc3f250f39,0.13118156542990175
ck_1d30eef7110809e5,0.9474306311801917
ck_77e0589ab339ca66,0.23731555688515105
ck_15ccbf8ff7d14086,0.0847662093032865
ck_246989b0c288664f,0.05017015388485612
ck_fc2a6e27b10b10e9,0.005964865169344086
ck_8afc1112c12f5402,0.01625362012647945
ck_a76e8d83b9141364,0.10482900307362954
ck_51d3e8dd7465c015,0.006350211539430106
ck_e7b4016909405981,0.0004880458163708471
ck_e7a3cfb9bf908e80,0.3495171674834566
ck_2bb49dc2388cdc1e,0.0434612519266188
ck_94f4266ee7871345,0.036082323299940475
ck_b2c896beec146477,0.07438274904362785
ck_fcf5d4a4748cdd53,0.050536728848902236
ck_fd0483639811f62e,0.4351640926499298
ck_9a21d183524734aa,0.1997934886699092
ck_1df4b46c0a4c317d,0.08062541186385674
ck_638df9e8a22dfe0b,0.0014807670559433106
ck_65acc43a6dc3e65d,0.023322630051316524
ck_7c67b73196e3d0d9,0.08313142728098462
ck_b0ee3a98175b462d,0.16849511265653117
ck_20fad010969f1abf,0.03428935595862736
ck_54b087bd873af8b8,0.041013915699854145
ck_8007824431fa803b,0.016181830204071
ck_23aab322810b9fec,0.13909465514118252
ck_c8001bdb9aafc8a6,0.06248468681334727
ck_3a34c3ac83cf84b3,0.02467442577604714
ck_60187ac2c473a662,0.9709097130278465
ck_6a0ccd7357979f0f,0.07326005589307412
ck_27f20337bef5ffe0,0.1912682179667098
ck_f9fc468915afe49c,0.16854416275126438
ck_1eabc15a94bd9009,0.03369917670347167
ck_26896c494b2768ef,0.01913022914455417
ck_348c874eaf0354f4,0.10481186733692648
ck_be9c46acd216b45d,0.33704996446105834
ck_a3cce46d15cc20a2,0.1353569194723384
ck_70804f60d9704128,0.07632481264675885
ck_a019151ca8e7527a,0.14038627236530005
ck_571133b2aa8ead51,0.06499829638431656
ck_0afa4449f20d5196,0.08508270642600792
ck_4d503c41cf4e5034,0.01434645200952527
ck_d6fb9cc5171e3e9b,0.7733377356803915
ck_05ed92a7c3e10e5d,0.029241389865183914
ck_bfb067986660afe3,0.11034731847472767
ck_c1a31690c8573226,0.02066782985375181
ck_cb88ef3dc1f42225,0.011620056910306669
ck_21e3b3bd998745e5,0.1457951226240828
ck_cf52e46fa54e4540,0.002559844073824588
ck_b72c7ac4208052ab,0.030089124743521017
ck_e6465c56b337e6c2,0.06623613198652734
ck_5f87eb05d18186c0,0.06932339515406681
ck_263f6c5ff26b5e98,0.006095474931070574
ck_e0b7e2c0bbe228d9,0.008659943957800599
ck_b657ae3c146cb7bd,0.0021892127199385366
ck_abac514d8167ea58,0.6405974345428121
ck_024dcab126876002,0.007111500088292651
ck_5d8481e2b38bd99d,0.048644790323799446
ck_edf229c17d25dac1,0.24127613856444358
ck_6cb7c97b72d6b5d3,0.012400639521659774
ck_c96ae2c28086a059,0.06534092782033933
ck_2f241b97c0f8389e,0.08065100876233779
ck_9158bdbb63ee8987,0.007916248613085744
ck_e7b40b60786c1530,0.0030758049979676756
ck_66d38518f68e6194,0.004777751137823246
ck_8c9b57ad2a991416,0.01919311438495103
ck_cc91bd7152d3e9ba,0.019979565272084752
ck_0d846660c7957a88,0.01158737231768572
ck_60896cdac2212bea,0.30228531079504756
ck_dc4db8b932df49de,0.5391660156362406
ck_2dc31db181150e20,0.018242119378398015
ck_2f138fce1171e277,0.0009808198014517734
ck_68b8b859a6ef505b,0.32687945430848386
ck_c3fe0c6c5e1f40f6,0.04691729136262107
ck_15886fe84866de92,0.138248127376665
ck_ea269b35406473e8,0.015167700401564508
ck_3ce7cad1f69b71d6,0.021253187900960528
ck_054ed4288ee58d6e,0.12139075255445551
ck_3d4913a86f207fee,0.10078568017779878
ck_23ff85f9d2355e8d,0.014851523873370706
ck_d87ab3261322216a,0.0048416416250124
ck_fac046ce336fe39d,0.014613347769835756
ck_beb97e498e6cf8e8,0.17005458017876623
ck_1f517e0ebf397b51,0.3712428919986935
ck_0af57ebaa45877a1,0.03003148880904645
ck_f99bc1732ce5e999,0.12352049270949728
ck_abb056a9deab275a,0.0500533985965183
ck_0bfc394c5faa65cb,0.0035412791250824345
ck_ddc865af1dd5670e,0.08776600221201941
ck_68b5542459638b56,0.42376206444267966
ck_0b1d84252c0b46c2,0.0015792702935079562
ck_520ec32c4f253604,0.05373979110530618
ck_79ffcfee599d77c7,0.039524239162640584
ck_eb224c0fd146253f,0.208092992156465
ck_0e477084434da450,0.0236406036866254
ck_07840bba5570785b,0.7686970718610406
ck_6b67fe8e310ab865,0.03496344214217461
ck_e2a1068c2fa22525,0.057538127582828016
ck_b9c6b32f6bd92a3c,0.12513296468659235
ck_c1e7d1021ae58f00,0.01429630001084649
ck_5d7801201749ffde,0.06340314192981607
ck_c8806749e263f70b,0.0033614136518527456
ck_c9eeab826781dc91,0.037293162066012825
ck_309a432c160a17b3,0.04359644923913966
ck_b22e3337b8e3dbb2,0.0039048455741643425
ck_79c30169c71b8033,0.828184844369839
ck_5a6593d954085775,0.055891170001614456
ck_70b9b79ea1aacba8,0.14103700729935684
ck_63743141ffa11f45,0.018959976553105454
ck_dfd3dbd0d97a642b,0.022821817143136247
ck_635646a661f05b4a,0.0671618159637061
ck_4b123d6931b6d0d7,0.5631811068653205
ck_f2b0e7a47f442557,0.8434251750750325
ck_1b1df006b81d38ba,0.014808519944838137
ck_360237c1bd30f4bd,0.002896362627832366
ck_5e84bca0e362da20,0.014762361852528086
ck_142dba210ed2f3b5,0.20636430800960978
ck_a3564236069e3524,0.0673285605177583
ck_cf36d8b070ded782,0.11337941730890626
ck_ddd6625c5eddad70,0.0037242064671766913
ck_ad54292a0b2f44ef,0.05925742666505675
ck_45cd5ef6b359e9b4,0.006735721507375609
ck_982c2392238b7be3,0.8300982175457249
ck_083e4ac78685c3bb,0.01354407228213911
ck_729cc0b46cc2e546,0.7873736698361706
ck_f2b8995fe5402759,0.0028060773610491226
ck_73e24f5a8da289b3,0.2775630477380888
ck_bd85f30c36f5998d,0.23262387956132968
ck_ee4ff3aeadf912c1,0.04758113456267488
ck_63d2978706e193d2,0.045423388556145715
ck_6a0684436a1e66c3,0.6859214547720631
ck_182dc4a2f5a366da,0.04760733139783042
ck_e6fecb82fc2a82de,0.08658787361019525
ck_cfb06f07394dfe64,0.0035909172269894996
ck_7bbe1dc8add17ef0,0.13155237825667315
ck_5cacad76e02c8e3d,0.7007016464009593
ck_ca68dec0c7df5a12,0.02557879939972461
ck_e4c0fc52c82065d3,0.006509610612082251
ck_f9197b070416f443,0.020687575821450692
ck_2a07c7021b71cf65,0.28707282533268075
ck_4fa85cebf707de2c,0.0031891548386361935
ck_0063d2a9507467e5,0.005212069108232264
ck_ec986285fff05b7d,0.021893462799890663
ck_279d43303708109b,0.04180773841425824
ck_a406bf11e48cf8c5,0.3126538986631487
ck_064b2aa3f0bfdb6e,0.04917183067338756
ck_95790440bc4bd2d0,0.01833038197479426
ck_70066eea13b4c34f,0.0027117431439275686
ck_19468fe07e26f992,0.9698963271228762
ck_86bfe328e0a533b9,0.9370466609797042
ck_ace3b96c977a7560,0.18469908807638302
ck_642344e5c652d8df,0.03969141037022993
ck_074be35c951ae10a,0.030580666827564947
ck_f14dce41036486a3,0.9971191588133844
ck_5cf67a3a747e684d,0.7832912798466712
ck_f7285b92648c1c81,0.016146397984156177
ck_bef3193f124fca5c,0.22418846770635417
ck_05c4dcbb45de1f8d,0.03967727585150899
ck_d7c28eaa05bb7144,0.004655786299797469
ck_320df984791a1b99,0.006034206028536812
ck_f45bad1606fa00a7,0.033707302973578254
ck_6f81c199e986d9fc,0.02144676659530881
ck_d0c9633fed57c344,0.30563437980368136
ck_a3c25d6cc7478068,0.05105334143911968
ck_4185506d12cf9fa0,0.0013292839558416722
ck_7a02ee1bfba7353b,0.09497074999378731
ck_1b52590757c0fbeb,0.15104855516629145
ck_a0e5656e1cf9cbf5,0.0009946435723120952
ck_ace21f6daef94f6e,0.023485578002095813
ck_646d8d0834782d6a,0.7168837043140804
ck_1f136a4476b5e775,0.022168986338552167
ck_325c7643cce02da3,0.1418223587153647
ck_9b5e7fe28208f5d1,0.004724122758899957
ck_05d81b1a150f31c5,0.005601490485716085
ck_0e9ec486bff403c5,0.19539026028393475
ck_ee13c091bc379188,0.04421469097170021
ck_f7a7f8f5903617c5,0.03214484045371802
ck_96c3a3517153390e,0.01192808600165249
ck_538dad7f096458ad,0.012445147613957123
ck_8758fc6622bbb7df,0.05657935201894631
ck_f7e53af3c91fec64,0.018202938366003518
ck_80b50fad7f255e1d,0.5126055861426672
ck_9645e7adc08631b5,0.1260613857290913
ck_e007aedbf37d6ec7,0.01076485144216898
ck_2951d76c41de2569,0.41465963661933636
ck_9439bff87e616d4a,0.08227064779723245
ck_a73045e96af0e4fe,0.06874543239936706
ck_7b382e533e2e925a,0.16276521047455553
ck_730226c2d216cacc,0.10353497523047227
ck_bdf837d761a7cec2,0.06583512572090436
ck_0b34197335ba3341,0.03251729842344353
ck_49170c4b31a20f5c,0.0020404180657218603
ck_cd553ba6589d8bfd,0.11913999582921195
ck_56b992c6f136fa5e,0.034942771024026174
ck_8beae3d7328fa41a,0.027358418187386897
ck_1a065ea906ae3d6a,0.06358175218822852
ck_e9e3381d5e0e5051,0.0077732568304448345
ck_a6d4f998dadc90c2,0.7806872344038048
ck_d36733da917115a6,0.28250678807475477
ck_e738e920bbd74a7d,0.06782913737677049
ck_af65eb885a51048d,0.0028403594867713092
ck_73f4eb09af29b1c0,0.04017876337774732
ck_8fc641b1750a2542,0.4133514390498742
ck_41b954c7a948c060,0.06241980371366882
ck_25fc3010e8a0f6d7,0.05692368696282469
ck_a2624e0387974e0e,0.09642741731492409
ck_5cb9d7b2329d5ab6,0.01297204597944574
ck_6c83aa1d100a7cd8,0.60767429500915
ck_67025c64588abd1e,0.004718668630520016
ck_f5dde68f6f0468e1,0.0690936031047448
ck_46bfb2cfc29a6d2e,0.203365741878217
ck_49dddb894d33f6db,0.045944545187889124
ck_f738b633b8862d18,7.133279657393309e-05
ck_3d6c3c00d854f5a4,0.7162370492298189
ck_cdb8061d8d1a6c5f,0.05627740794628677
ck_5e1b81848718bdc3,0.10803493553483239
ck_8def763034187436,0.06519129189835278
ck_8f8e4fb9c6190272,0.013891220349714612
ck_368b968b5f33431e,0.022156064830495877
ck_ba7e347251ea399b,0.0638543613945299
ck_9075432001a64e75,0.1343663872386635
ck_73c5371635aca173,0.9743885146186338
ck_81793387b38047cc,0.02117791518263229
ck_0cf220816e320ac5,0.008754234007960332
ck_820219bb9c761b52,0.0027553128360199744
ck_70a932ab39d86a24,0.0005495919562478043
ck_2c4be237a7ed79c7,0.018232246488773002
ck_acc764b49ef02826,0.8346745602253578
ck_74c3c3452e4e7cce,0.00638909335903498
ck_34dfb57e5bf31d2f,0.20205476630068928
ck_6ec39903f765956d,0.016282315692283902
ck_5986119e7d81e831,0.13548973995765926
ck_2ddfc948b8eac752,0.9157763602378397
ck_921ff5ceaf40a968,0.1801729924678781
ck_fb3b68b4424b5f92,0.3743475088576473
ck_c3db1b3ad4f16679,0.002571478519788387
ck_124a197be41687f5,0.1776733219410425
ck_c58d9151834f5bad,0.08027973548750177
ck_389607982eb6b701,0.9460471144401348
ck_fb0c138c003e933a,0.005197429863455515
ck_50d0bb7edd8c69c0,0.3028187791113376
ck_c6cb651149dc9a8a,0.005880315398247617
ck_81e21354e477eceb,0.12856598405398229
ck_7696e38b3e4197b0,0.008474941528012326
ck_586001d3ed9e7fbc,0.008835558625685141
ck_bba413492dc46f2a,0.031016307410589198
ck_95b894380ad2702a,0.36092704620982463
ck_277621473369614f,0.9991703670398254
ck_a50621b5eeca84b4,0.0023346938972402674
ck_bfa7ba218b988cde,0.04349885589715576
ck_5ea89567dfe78e4b,0.4082985032263026
ck_6c679602a6476ab2,0.03735745220578301
ck_d3885e286b3b11d2,0.17262812641654407
ck_cdcf6671b37c9c92,0.10501235882954689
ck_b5c93e6d34f8d366,0.005410260013777677
ck_c24f61925dc158d5,0.44600662008792225
ck_cd09375e6c81d2c4,0.022921863032171266
ck_a95afc7a00303a26,0.3171192631595328
ck_8e89ca8b39f3f8ad,0.12779940405950854
ck_9a84b396aada3fa8,0.1563945264999484
ck_5124a2e415384945,0.1135904075044883
ck_d66bb1f063357f99,0.06096345882201664
ck_0fd9312411b0ac55,0.15052327869934418
ck_ad8cbe6e27e47ede,0.32045290061072335
ck_8398adeaf41f9cae,0.04223523159584592
ck_dcf851e7bb5855d0,0.007319271946133551
ck_9affb0f26776b642,0.014978530052765936
ck_f0424b3b36bdbef0,0.13411867475441555
ck_66746d1090d6d9e9,0.010405620670039993
ck_e5f8c8a5824db594,0.11726286529209003
ck_3e91dcc209431984,0.05026006675914339
ck_126a82e8d42e5ce6,0.01301596860240189
ck_38e4a74ab256e2eb,0.037543706055560254
ck_1225a97fc413a419,0.22895501549257427
ck_9b5ec0f78e160e65,0.013252443109650817
ck_7c5529bcc079600b,0.025543162245889182
ck_29640fc2fe81c251,0.27333208330599545
ck_160e9ba0a3f7c1fd,0.03220300706174556
ck_bff090cb4ab76b9f,0.1263650592773869
ck_aa06ed358e43db69,0.21842185119225246
ck_7264486eb512d84a,0.038982313104042834
ck_f5a32e6160b28379,0.016491823792014613
ck_4ba8bec14c2217e1,0.15414562330335918
ck_610815786d729d2f,0.43345817205255044
ck_e267999226b6321b,0.005688071501293735
ck_f3996a3c8eea1ea0,0.008190537336155821
ck_e9b75ed7567a3f23,0.02500550144561451
ck_d21612d48bb4f7b8,0.0023795360984780224
ck_1f871df76c6a995b,0.16075995783136982
ck_953bd5de48ccd70f,0.9698067606048117
ck_02a9104419a6dbaf,0.08218452296456688
ck_1eeeee651e05d535,0.33967304780199636
ck_e2ab04136a442a98,0.010867142074856515
ck_f0d806624ef3d359,0.007186616821376601
ck_4b68b38c1b3326a3,0.002856954998781854
ck_74e60495f8861156,0.07479752618211902
ck_398f3f4cf05c721b,0.0015200872299027028
ck_f761b7650a0c1a85,0.5395712813953792
ck_7dadef33f5e2d94f,0.9955055530799523
ck_6ff6883633b8c7ba,0.003522255225372247
ck_4d2159603045109e,0.020123532445746287
ck_a38bd07a5fac5c9a,0.1441370825414842
ck_f517f06551e69507,0.013084031107622206
ck_a7ea00a1760ad561,0.9956579917246868
ck_31fc51d5a3dfe16a,0.033906721755322694
ck_bac5233623b25ca4,0.009414420444055391
ck_385188ab27784fe3,0.20106302794463637
ck_9947a323bab5cacd,0.24150563998240354
ck_7973edc9f22ee7b6,0.019114160800593086
ck_f97c477986043755,0.004598250599570835
ck_1a3fd2cc4b4de196,0.008010485980043258
ck_e18ac29ea62cb435,0.23483122612976406
ck_9720a472a3e0140c,0.007905512219723675
ck_668c7fc7d7e47c0e,0.42987325318870406
ck_214af0806470ef48,0.023201458787673407
ck_a46c1773f01f0be7,0.6603537373436117
ck_f2bdcfb4203ffdee,0.17178379473840613
ck_40e84e6ffe788a4c,0.22133325244231722
ck_dfc6f5712d8d6678,0.7827178936058503
ck_01ef1036b2e66a4b,0.0033620242241448476
ck_3acfec10eec32f9c,0.04688045529121239
ck_084a85145c15ed77,0.019930786650655428
ck_fcdb4fe2f095fba1,0.6285404488376094
ck_023908db0a193076,0.3134607459840326
ck_fec0ff92fd622253,0.053574322140419586
ck_c009c97d5fafbced,0.5575718479902699
ck_eb9f0c06ee017ee5,0.03618147698497297
ck_d7792b429620fc24,0.008530326865735292
ck_5e9e149a3b69c726,0.06113743237625178
ck_ce927322ef8f651c,0.08258705561470744
ck_b8fd61a8e82bce32,0.9986480696614636
ck_9aafc33fba1474cb,0.0006473196850080405
ck_ce81ff9b8b35562f,0.1704819118913559
ck_25bfca1d8eaa152d,0.005172627063351125
ck_170c65860e2a7e23,0.10232643849739434
ck_952da7ca9f33decb,0.025611666666171123
ck_1ebd574406235957,0.057956140255524195
ck_589109a188adc2c1,0.015419660490656947
ck_f0cbd5383bb07778,0.15270468863117057
ck_242521e261148fba,0.02492378169408532
ck_509cece86a558de4,0.8786382905974301
ck_0dd7c5925d28755c,0.019907913478669957
ck_a7e669cf1c3985aa,0.047831209386956175
ck_acb84dc2351eeb76,0.036828502774735615
ck_b837c7dac2a9b931,0.19765213329023118
ck_18eb1f9181f95df4,0.0031292813518789585
ck_b0b9047dddb1ec84,0.17695518891507891
ck_43aa136bdb0a2832,0.7126019715232813
ck_3e47f8c56c811700,0.08274159422393108
ck_77c587d24695ea15,0.14416976548872
ck_20578ac693ea4e93,0.10475022839713016
ck_b9f6040eebd1605f,0.08427335455016448
ck_ca9d86f65cfdf018,0.08218366930916386
ck_a4fa8833995c716a,0.3683717120181126
ck_f589f1e29301b5fd,0.021533065533880208
ck_961ddb8ff55d868e,0.006443173651836081
ck_5662492a54e6688b,0.9155475029577649
ck_ad48826c1c26eb78,0.8525626249715677
ck_621c9ddde6bf2eca,0.0384224530578215
ck_417a3500b2c717b3,0.05054910274642605
ck_c7e129058beb3ac1,0.14335423014665855
ck_ec1c902b9b9b9c5f,0.11265781164128488
ck_317360ec0a67d27e,0.4920730508758148
ck_3e3ea5d8c4a229dc,0.05978382330463195
ck_d11d27de7bf0b973,0.09470141817826183
ck_d37d56e931105db0,0.026684487423322047
ck_4863077723cd6ce1,0.005326933889783257
ck_479a065d5903e9c3,0.03699788679237902
ck_e66ae4fd586fedea,0.0018497267997396008
ck_192bbfd0d5720134,0.10426593515379366
ck_3b436cb29af99f3d,0.050132072331759696
ck_7c7ca54969eed187,0.37330502615779654
ck_826ee896c9f1144d,0.6310581330062617
ck_ba1f6dd43fc8a0b1,0.008232438766365474
ck_49685deb63e4e8f8,0.03438732800987659
ck_687ab5d5554bfa79,0.15029777420313
ck_41346ccd9242cc8f,0.0030943496611959345
ck_8f8e5e2b9dfec3d1,0.12013831111797833
ck_94d5ce61a0c50465,0.030513786943282252
ck_6b954c75aad8c012,0.028907002000018882
ck_748af92828c9d288,0.015302022952097108
ck_dddd14091ce812c2,0.01183984753830708
ck_723323f6870fab59,0.06843274598874356
ck_dbdf8d0708cc6718,0.02818576527978318
ck_f04938570a154de3,0.006812539718686915
ck_58afa1550b3b5294,0.04794189667678531
ck_3b150afde386ecff,0.025988586560590093
ck_666b95e75d99ec4e,0.8180968160137392
ck_e00332597cf1eb24,0.2731384271776401
ck_9a9e3dac79280d7f,0.22018551836249364
ck_e8d37262e859d9a1,0.0851241994228359
ck_895bb39d24bc1c4c,0.009207504277948532
ck_b367449195e36499,0.02462676857673994
ck_d23f9a50d1135ce1,0.32371215922351676
ck_670dc4910cf476c2,0.011400234061211382
ck_3ecd8a5ce65e21ca,0.012128125476277314
ck_8584fea2df4c6317,0.26591541320722695
ck_0789ff4562202b20,0.05993425309719304
ck_749e0e50c3907be8,0.018799852214329716
ck_c3ff6790cc6d7e34,0.05114452813578968
ck_75fb7e56432ee4b2,0.011838548408168026
ck_529fc3170fd11abd,0.12246180915287191
ck_34a69b3b4a681796,0.325616317451551
ck_255f0e5888ae9e23,0.29485862499006726
ck_65be698386474170,0.007092040680713871
ck_5eec9ed855c26000,0.00709203871827107
ck_5ab39bdc9610f6f3,0.7891177270927556
ck_1b5b75762f033462,0.033909685744498194
ck_d3e208671cf37f91,0.9910535714051903
ck_5068ee554ceff971,0.05565243459005698
ck_d7d50fb57fcb2d0e,0.006685176529406991
ck_ba6e1115fceaa067,0.04370858485624413
ck_d07bfb16a4a7dac0,0.9654771767107141
ck_ead68310311690c8,0.6415513849615786
ck_ee53ce862bc9c111,0.038985866604530045
ck_97e56e6037024dff,0.008323323630749868
ck_80b04344c98ec072,0.00972813354732915
ck_5954f45a2ab45f43,0.14237346432594974
ck_18ddf7e836256e3b,0.03419689002090466
ck_89a1a780144d808b,0.02643031473409019
ck_a7331e8b808c39aa,0.3059605182087754
ck_a1fd0ad03ff9b776,0.1404852650892807
ck_c0cf50eef030b401,0.005906698488366764
ck_074f20921189e7d6,0.02538348483102671
ck_e2aa7be60794593d,0.04927294459109948
ck_72771757dfb7f7a8,0.024038361936368272
ck_a9cd84a6dddfe584,0.15324216367178856
ck_142c00f9f8557504,0.09509049951965473
ck_221b5d40358230f4,0.019249007301449163
ck_a2d7a563f520b7ea,0.019881777727619218
ck_66cd34bc568d95e0,0.018699742949606333
ck_a17128972d3e507d,0.016387777353198286
ck_bda299466bb2136e,0.028950194292805015
ck_2b699066665abe8a,0.01866389477101492
ck_0ac9848bd4ba0c14,0.008939052013288928
ck_98d2f9a6ba3a3077,0.956402543066923
ck_a872df31b28a5f7f,0.6357038070310604
ck_7e73e1d44ce82ed9,0.032122341122413446
ck_1a415416f620d49d,0.4019419893831033
ck_c95c786d2f8b8edc,0.004881024326586456
ck_e45012f22b7f91d5,0.008905835384194932
ck_aa0b083e2a6813eb,0.006216979030685508
ck_4666232ddbf77756,0.10083591558905064
ck_e08e9c8ec5f23d8b,0.04230357986481227
ck_31d4c0518e5f52c6,0.013270252042548019
ck_c1ab40638f04cb02,0.010918646218351473
ck_4c1fdd1669c7cf51,0.08945211559925371
ck_11662cc7940ffc82,0.2564869433297106
ck_2e679af24adedac8,0.04551544322955946
ck_454b9e21b7f25a4c,0.0011684137804555386
ck_355c4f29089731e8,0.8148084302435661
ck_507e40760a24d2d5,0.059903487609775145
ck_0943e0f305078e34,0.9895444663418111
ck_abc54ed7111e9ed1,0.011134255410873787
ck_a60fe02fc04407a9,0.17112574601212047
ck_244b897bb4d57c1f,0.009305242910337248
ck_8c84fcde93a04334,0.5340618469860144
ck_9eea37d2de633b27,0.0642399135063675
ck_b2cb9e6610eca967,0.020926260691592764
ck_09aadb4c41b166f1,0.5062433977755484
ck_8d94fbb4828ef326,0.08484265038953158
ck_089e3a07abbe3b8f,0.028644715285567265
ck_dfee9de05e3971cf,0.03209327453519124
ck_6abf8302ce052451,0.21243374835450848
ck_6ffa90143838a4a2,0.04317929015981383
ck_325caeab5c7a9c3a,0.017013019652357558
ck_1964ee9db929a173,0.9242039585001421
ck_942b95988a6245a6,0.4619675251409395
ck_913ecdeeb8e21a9c,0.008262063337716619
ck_ecf9794349eb4b3b,0.24934690374393753
ck_b6cb8d6ae828eed1,0.35264452587947637
ck_2f82ea66c4f53b33,0.32912092509131285
ck_6e676daa4855b58f,0.36041324023658855
ck_2a37fef48b44e9c8,0.07817776973979942
ck_3bd12d468fdc2450,0.009067548220721497
ck_1a28b6a40a6bd3b4,0.1479462121453077
ck_61b79dec96d15713,0.005967355433712993
ck_31d5e3daced93d3c,0.022883038894396232
ck_e6c8611c0cf233d7,0.033701057548602927
ck_f04761b4a937ac3b,0.00843757586113331
ck_38c1c75cf055031b,0.0653655483744384
ck_59a561f3df01441a,0.09888892752570466
ck_04e40f556a5062ef,0.02090762106793214
ck_8409716d174635b6,0.10491032584613223
ck_3019afee83342701,0.07948026152137164
ck_b51a58e7f032c9a8,0.11162981710746483
ck_5043e474f848346d,0.12134574420326377
ck_4388abce33ecd01b,0.6116482440498638
ck_c93def7392f0aff5,0.13386401405278153
ck_72e7b1acc19df820,0.23022999795621174
ck_f253130dc3ca5b3c,0.01064900938576432
ck_eb264d1b180d4b4c,0.1283606042149652
ck_c2504f5a113433ee,0.005492475972077249
ck_c16ab1e4dafb4910,0.5360508190706724
ck_4bc42878fa180991,0.06964950523779807
ck_1c771a7c78f6622c,0.08244729678812544
ck_d523f0e50a2747ad,0.006462175042499764
ck_9060f4e7ab7a1b0c,0.20561775307022517
ck_6b55ec4e87a5e22c,0.3513894604460396
ck_55fc62a5f89a7251,0.12173763414070166
ck_bd2545c62f258231,0.26831921118248625
ck_1ccdc69d0bb712b4,0.09796428774029592
ck_710f867a3bd5898c,0.04252397798642449
ck_f91d48c40337d375,0.20865616184647506
ck_f76d929541ed41dd,0.555480215275728
ck_e26a6659c237b650,0.04027030330506214
ck_184983177b73dea5,0.02307896197027102
ck_6d0d081bfa8a0022,0.2643547544704909
ck_2f6e64f638da0f97,0.10706203675489626
ck_15b93103ccd38609,0.01689983791435687
ck_094d10439b7b4eac,0.09030237061948408
ck_d2ca47180a926ba2,0.10276135785395198
ck_a69ca7b9d70972bb,0.08051926901361212
ck_68914e67343a7d32,0.06304816622018407
ck_8176616132458c0f,0.020028883392704682
ck_eee99af3598311b8,0.07453533248785998
ck_94410eedfca91304,0.027045276604108753
ck_cfb11a0a2325bff5,0.0010640908350446807
ck_75217ee144b715f8,0.3414538648178735
ck_d56fc799542299b8,0.000641671544561393
ck_4c352dd3e7c81269,0.13993567603932477
ck_e23e50e02cb3904d,0.09881892203203284
ck_b921af37d500e139,0.0008267032127643724
ck_82181b935360dcbc,0.9919062132152693
ck_22a7cf3b99c5e5fd,0.11710591136569144
ck_f67ee7910d532216,0.09265529493137797
ck_5f48762a14a0326f,0.03331502856734888
ck_1757fcb0e6e3f88e,0.36296022878782597
ck_2c2f080ba185016e,0.3750243351736023
ck_4c25570eb72711b8,0.006765723563608506
ck_a3be871ca22ac416,0.027283800671170196
ck_ab70961e7c6695b2,0.023077173613332544
ck_a1cdebfc42a52448,0.0342507256008197
ck_f1b80b821a20186d,0.10489832106011543
ck_ae668e4564cd2aa1,0.004323888893718757
ck_0e2bc3a5afa439d8,0.055409280960256053
ck_3dc378f37d0b74b8,0.21963729321079759
ck_9f9555197480d1cd,0.33037513074482916
ck_bf4e7d48770a4a8b,0.38037785233876786
ck_614ef655f0685060,0.06910249911393779
ck_04d2ea38ee27770f,0.005881489911420411
ck_e03a9d8ac94161d5,0.0025701073662452835
ck_d4007b5b26d9d854,0.042358006939467105
ck_2dd147ce6d61749f,0.04427112494196757
ck_ff45764ea7d6619f,0.05000508784951573
ck_dbc487cb0a6c18da,0.8328280129845469
ck_791d5392bbd80447,0.00829947620158714
ck_b4068439c413b150,0.12334246723214602
ck_85df7b7de9700aba,0.0014394049629323777
ck_001e42551cd06e40,0.023039473762615965
ck_a6c02ae50932cd9d,0.003504070172808599
ck_9fd0be2c018ff5e4,0.22018553182509987
ck_32a495128395fde5,0.024722377181640807
ck_b6f2a2fd232c141b,0.7677546490472559
ck_28dde633692904b0,0.317936622206512
ck_a1a93c5f375f6021,0.03326950808205342
ck_e3982142336782df,0.06925333190797572
ck_a9812ff3c111ea94,0.07909212413422237
ck_f04062216f95fa00,0.056805700324144906
ck_7c560467daca735f,0.0019628850146424315
ck_76ee10d6e2dba70f,0.25787017791895755
ck_3521243bdac61178,0.008745085836001336
ck_28588fb03b320520,0.07218345044343301
ck_580dcec33ec232b8,0.05964778045889991
ck_7109923fd7dab20a,0.03182475892327307
ck_7c872c99481c1e9e,0.061694880425278736
ck_46f4e1f5026f4d1b,0.00011786504936125319
ck_00d1ebc31ec4653c,0.040697755646338
ck_aac70764dde15168,0.018519068396997698
ck_648c03f9aa4e45f1,0.15095455316272377
ck_5478eb69ef912785,0.732861420383829
ck_79b8523137bb2603,0.033261808764814334
ck_795c49f312640019,0.0007622320476899007
ck_89184bf7b7fe41cd,0.6429673261631976
ck_97d4bd922996fa10,0.0276397511663577
ck_1cef30d08f3a598d,0.004267343655937645
ck_2f9fd36a4a40a6a8,0.0011527718494054988
ck_40780fc0f8d6f309,0.09330593588482539
ck_9083ca9fec2a7f4c,0.03461735016205358
ck_62081bc35aa59931,0.07949849414080289
ck_2e1b46c5fc56b863,0.17890907028111847
ck_3d139692c51b604a,0.3063577229071529
ck_b5e54e22e3d6960a,0.044019198151035346
ck_c0c4be3f44311b04,0.024377534462703247
ck_82a8bdd2692c2a5e,0.0018012269917622905
ck_bdd2da300b530c5a,0.027857146581568314
ck_ee40498cd97183d3,0.0028060773610491226
ck_70b9274473bd6dfe,0.0026742833220032907
ck_473d6314ea614b29,0.019215812012850792
ck_7443d6dca8cd1352,0.227993463124107
ck_3b49768b448b071e,0.02070040675628015
ck_b43f04431c267dea,0.006340439107135115
ck_4424a5223ba2fe00,0.07034532535559622
ck_819bf3e8231f4081,0.07750497255286481
ck_91d417507a8c58cb,0.3659576532714457
ck_e88e86b19cada4aa,0.09398232002786568
ck_59684167f9c6bf4c,0.31630042248130724
ck_d5f5b0dc97b9dc27,0.1889897448883575
ck_13d1b192bbff8f32,0.006627770029294042
ck_b21d8630387cabce,0.010463440268272757
ck_e4ac22046699b99f,0.026707604446033102
ck_74b848064f2ff45d,0.024705733362536352
ck_166aa980cc87fa77,0.19294603413101277
ck_98e337806104dd88,0.0018981295704474292
ck_66eb09be007f0755,0.07995824759477525
ck_3ec9b9d8dd7be11c,0.058642006952010405
ck_8b8b9de339d75d0b,0.11797736976734952
ck_6715139e240007d9,0.00364212858454072
ck_a0255ab46e122d2f,0.0023490880736155976
ck_66e81a4190c33510,0.020937338037148312
ck_5d75ea4f5c9080bc,0.5295412289692678
ck_df69858b8a8b3165,0.05076484933748781
ck_e15252ebd7553422,0.005894080142346533
ck_34d6d74bb3ed11e5,0.0009118599031819754
ck_c2608f78f6851d10,0.49520822606326415
ck_bb99071e8f58c8a4,0.5201276986513038
ck_06010f0df5b7cef8,0.037767610247576584
ck_8c582eb0f6c0148c,0.009551830273069987
ck_0034d010d28aea78,0.034942659575995204
ck_01c1f06692566ca1,0.03424525105063861
ck_4807726e797fb893,0.3100550170900963
ck_edc9668282e3c8cb,0.0585528769837449
ck_5486768475af7bb5,0.9796416218091574
ck_3fb9813849e51837,0.046572082011758206
ck_861af5a9a9a6d619,0.003972010295694922
ck_da39653add0f1109,0.0004508180242560876
ck_74a4244eb1f162e4,0.0018545840319339555
ck_9a930faade55b8ea,0.00933049143232438
ck_fb6e06ca88519dcd,0.03208747645842823
ck_9776cd8263a9f415,0.26319432083419936
ck_b3dd1198ac5aea73,0.059987260676855905
ck_b6675a04df1a4276,0.14514390911951716
ck_5c7ad6e731b69333,0.6213161673403964
ck_28dc0fdbaec00580,0.47764829762478184
ck_8e7a32f7e3905f4e,0.008848103896883446
ck_8563fed6674afc77,0.006600039893554122
ck_9a2fcccb82da663e,0.046433543855867114
ck_6a519bdac0d94527,0.04773817150289301
ck_a0dab7aa9c4a39a9,0.03854618641136589
ck_a3ce05e9e5e32142,0.030869173608180353
ck_7a7e40ee3f97c035,0.4923000007108591
ck_9e9a830785112a73,0.18208377124992425
ck_ab1bb02f6b189304,0.7814265207075051
ck_7b8cb0f90fbdc8c6,0.007916390307534016
ck_b138fc249e659e60,0.04695982421702731
ck_e73caa3771ec5e0f,0.1369002678496112
ck_18a55b06ccccd88b,0.11941929142491174
ck_fdcb1d9265d8fec1,0.043694454795576744
ck_e21a900556b382ad,0.038819278018703274
ck_c6bf67470f526771,0.5897209897280807
ck_b568ba3837afb39a,0.0007005113846731821
ck_a2858979dd5645ef,0.006866824021060725
ck_1da9d40837ebaa57,0.043292881210704015
ck_9341c7959543c542,0.018011666162621596
ck_c8ad86806b9a2369,0.4406874848033265
ck_5c85d93ecfed4b0e,0.055998968029758595
ck_f07b09879d697b82,0.009491913708555568
ck_fe43da07608b1749,0.08098140690720433
ck_4bca22b5926b9c28,0.002264288812533878
ck_aba573aa942b1d41,0.05828412312762068
ck_57c14e32fa4683bf,0.048284866401052735
ck_891530b489ce402b,0.024268838848525473
ck_5e74fdadb93ff293,0.23662564886560528
ck_14436a409ebcc90f,0.01578480270789938
ck_00013fdfa0bd37dd,0.025030840428072666
ck_7dbe24ba01316775,0.382908778903618
ck_0e3f80c1553c591b,0.19909116612668235
ck_3edc45db58760d76,0.005513615862708715
ck_29076a13f539187a,0.5845481678404614
ck_b1e81b58b9a545ce,0.17540552279842409
ck_3f8571d4f7420b2a,0.17946128540165251
ck_7dff6abe4bd644dd,0.9549855224891192
ck_2884bab237af16b7,0.0193909889291392
ck_231e6dd1fe708000,0.02897296109775888
ck_33ecaa7b892e73df,0.0154103962319177
ck_b109ec4c63503030,0.0036516215124597373
ck_a7f522382509cef1,0.009891859897162783
ck_748b3ea941d8b3b9,0.1395161849038993
ck_29f3a1737a2d9634,0.16276521047455553
ck_cee8d42475a0f020,0.0032173335918741193
ck_c6b6ebe145a8ffab,0.0036289228821731953
ck_21c99e1d6b881894,0.010774744466174706
ck_5ad798286384484e,0.04679147419852341
ck_b621b6ffcc7f4848,0.011215032804571798
ck_ea819e337233475c,0.07491847415082567
ck_9e3896c2668ce06b,0.1067627499604107
ck_501dcf1ead036d2b,0.05087370479266988
ck_8d5eda29a2cffa3c,0.005889976573128133
ck_4d3aa36ff83f1132,0.4169880830134767
ck_8e9faf94e3e6c757,0.0009988586945993702
ck_ce0ec41f96951048,0.08823854778612103
ck_f09165d73ee903b1,0.07039302264093923
ck_a432b1bf1d3b3d5e,0.6287098566990582
ck_ea618f720ff0b4b0,0.023863952763114295
ck_7584e7bd755cb28a,0.04501202033333035
ck_e14681aad43e1a72,0.3667522746956242
ck_5e18870d8e30e379,0.059165531393594484
ck_ff7c26a62bda8089,0.009838240989389449
ck_cc5a35175d381d5a,0.1266896512832264
ck_3c25029e40aa8a84,0.0037494495765211843
ck_771247b5bc16c12a,0.010156057581130926
ck_664b5e02759f985a,0.005210529451002772
ck_692a9e8f504b9762,0.0011358081552008288
ck_df8ad2deb0a4ffed,0.011615622429911729
ck_eb48c0bcd12ea654,0.09301080050600165
ck_7c77e597c951cdad,0.014286471728044403
ck_4f75144c6f3b13ad,0.02526497684614515
ck_1bcff399166d7c43,0.028870403094643445
ck_975c2aa3d4a8c51a,0.03263201810248301
ck_bc6f07b06aaa4ce3,0.5099238079428265
ck_80b072b7f3c7e8e5,0.015341752889885459
ck_471e4018a23b4e56,0.18187652077196517
ck_53cddfba570b4a3b,0.029133326372205573
ck_630530e50764f229,0.011884763267157962
ck_dcef7887a4f1e435,0.25000032953353185
ck_2795921a055643f6,0.006218210043602546
ck_7456df89f3792235,0.008274732679968283
ck_5014a3b07e1f049f,0.7715180005568016
ck_d4ec44760cbe03f4,0.10590134284250906
ck_96810ad39d4cb7b0,0.013777714788744844
ck_3222ea25aa29bfa6,0.004004764720046278
ck_f6c42001b84a10cb,0.10501822182300703
ck_5ac86682385c86b8,0.011792065726921468
ck_4280c33af57eb4f4,0.0018866618721996215
ck_05f79ddd8eefaa56,0.024046524649777978
ck_3a57a13ce032a6fe,0.014580044637947629
ck_a721f0d635fad68a,0.035773927658638
ck_a3f821bdf408c326,0.08627245700413576
ck_0ada63008be5685a,0.21431166986003913
ck_8c949bdc6e8720fa,0.23968841422567838
ck_c0d2c56f9c722e99,0.9929778967611079
ck_5d2b9e6e087b8dfc,0.9984540577415321
ck_5217b55593a332ca,0.13927197053327584
ck_7a7bb9be5a7e48ad,0.07180218275096942
ck_24cd0d779e866287,0.002483000716430316
ck_7367917891a63771,0.07078672550238674
ck_4b31a8862a857e6e,0.9309498927897473
ck_81429c4910ca46cd,0.0028060773610491226
ck_b35d803568f82d9a,0.023635122181374788
ck_4b00e75c2d2d0522,0.006272311805511407
ck_77fced07f6dff42b,0.12337756008906753
ck_3c9a06eb07c300e4,0.003768558124992784
ck_b3867f7f494db64c,0.01759685472027148
ck_0c45e54897ab34e2,0.050015944475686636
ck_507a6a580ab55c76,0.3030277072222387
ck_291bffc7809f896a,0.02202849018731541
ck_3753cc5b9d02e2fd,0.006037787619742958
ck_4f63d5245b3ac1dd,0.02577623333730992
ck_9dfb2ae78659240a,0.08880511280396662
ck_90f6f5ced708aa75,0.010989650718388911
ck_8b5b5a6b5539e39b,0.9065217085307772
ck_4719112b55d20161,0.05629797142490966
ck_fec888a7108ca52d,0.9944083797318687
ck_4f5d022c99f118b7,0.1294035278238285
ck_e967ff05514b697b,0.20763796149212072
ck_839ce35819bfa4fc,0.00466279204195906
ck_bdee1221b9addff8,0.01020191144946618
ck_9cde4036d0914427,0.08641927216047196
ck_5ac959cbcc5e98f3,0.0018300889721362627
ck_619842688294dabc,0.013376930553512528
ck_7373d7b04c7799bd,0.038777115097174714
ck_c1dd3feb9a0b6471,0.024345940738213313
ck_0324a4812ec319c6,0.014031827517706829
ck_7f3685aa2933b251,0.25923600115271395
ck_06aee5a62a67a84c,0.36981117015894477
ck_3428910b44b9d08f,0.42732960493030836
ck_c3ba7534cefc1de8,0.007286530428795318
ck_1f1273a67cbad5e5,0.8094252494014678
ck_124565a11b2f8bb8,0.030409186576216603
ck_38e46bc861e0165b,0.05771997396406114
ck_c8ad3f01319c065e,0.32045290061072335
ck_3f94a34f5038f7c1,0.9232958553968801
ck_cee56be5a502fbd1,0.39629896982838225
ck_2b90b76cf4d162f9,0.05076484933748781
ck_884b2e463ff1d54f,0.0393453544033888
ck_fab4f2f8531b4827,0.04554957933987548
ck_4fc6256e0e60a926,0.04351607708725131
ck_0a2f8b2f8a5b6f02,0.042148383906435265
ck_9c0deab8a8367c5e,0.0007374875342562483
ck_d3a2a4c011fa2554,0.031550054875389845
ck_4108b4038f762817,0.4660032953072464
ck_4df036e2aa7e1056,0.10086238848061865
ck_ec094eb1cbb3efc5,0.006310411156256991
ck_09f8f51bfd2492c6,0.051475992860580404
ck_b60fb9a10d6f4489,0.24585464972420945
ck_3638bc3388dbc1bc,0.32064565555232455
ck_7a58e0cc9943c39a,0.06617420416764194
ck_37dab6a0a536ed49,0.7664138933376428
ck_adc576690df5b33b,0.04345943169812076
ck_1383b2b1875000f2,0.017351407290712557
ck_43c1248db37a2eb0,0.004725278819389042
ck_29c11bd68858e923,0.002340919861162286
ck_9401f9e11f65337d,0.009922278628199091
ck_ce5ed372b1a2ed6b,0.12100810703063294
ck_08b4619490e751a8,0.8484647191271942
ck_44b9125526acb05d,0.031195366491774578
ck_ef1a1de20d2124cb,0.02283265047927572
ck_e5e2624b7fc89774,0.07751187484081454
ck_f5100511609b92c0,0.004799469990718722
ck_64f3bb17101b7c42,0.03386108253553529
ck_ea1e5b5128ecba2c,0.021419931543432514
ck_516163fcf04d5e77,0.03671919744854513
ck_7f9a748110d70005,0.02477748653208968
ck_d263b55f0a681cce,0.25092476682237885
ck_0e962eacf98a813e,0.006350811497165409
ck_0406931800e0e2e6,0.0548849949343792
ck_0e9b982afc88a3a9,0.9977364533916275
ck_8bbb625384edebd7,0.014413724763164678
ck_5eaeb87bf6207406,0.9832334838251509
ck_cc3318839c4b0745,0.021570978783221537
ck_08a0355d1f1890ef,0.030877145707660987
ck_af7ffd1a822460d3,0.6718447739214954
ck_2a09c7aa870edb6b,0.005980421613323884
ck_bc04f51c23290bcc,0.004166374494551427
ck_d3a8333cb389f4c6,0.014205251397276231
ck_88e3dd3039508332,0.054432207471462386
ck_b8c7771de9b57705,0.01071879522000876
ck_585ababa02383b50,0.019649126923698173
ck_e988c108754cee9c,0.007985202868174952
ck_4a691892d9d6cf89,0.008505501693513209
ck_7cdce37d895eefb8,0.08998791947683149
ck_483fb981a1fb4317,0.005656139490062772
ck_c1e5182bd99e0e35,0.39544708112755766
ck_9a1e3ec9a1839939,0.020317534707997516
ck_5c3f13de0dbd5086,0.04204705508224275
ck_f4f6f0caaab70040,0.008490217700077749
ck_791be3378dd7d64c,0.008689466636688344
ck_956dd784525f5886,0.10161740897169522
ck_098167eaf124c279,0.04753501423893499
ck_33ecff7914349ebc,0.02278358649210929
ck_e05d44e46c7174e6,0.09887926205329843
ck_1b2ce474fa6582b4,0.3271752648340559
ck_ab581082e8f72e3d,0.029750888618861455
ck_e63256667aa19070,0.054814497474937586
ck_f568772b6cb3febe,0.06650294530546381
ck_dd89a282375bbab6,0.5640902552105752
ck_a39d0bca345b492d,0.07503848071430078
ck_d12d2924d0f7a64a,0.005942296746133254
ck_6a548da1728b5823,0.9945707464198166
ck_6d64193681d2a94f,0.0778082975908061
ck_ced6b6dcdc7c201a,0.00870199355454798
ck_d1b0699d26282871,0.023588040330560098
ck_58f757e40a9b8877,0.41797844533497075
ck_3272c2c4a37d5220,0.6788142941594031
ck_d94dfde9e03c9d1a,0.054065340555977545
ck_08a6d4903a7fbaca,0.09948735715326858
ck_6c72a36b05fa0f4c,0.01418054493062504
ck_dbb4bd4eda97255d,0.009163456195245164
ck_94b59bbc824b307a,0.022866084232658457
ck_0229a07185f15469,0.10187857384122305
ck_11bf1039f8b3025b,0.019754196286350844
ck_36789ca11459131e,0.04705802964342987
ck_8572c5f5c1447c62,0.09396747979940684
ck_9e75c6641939f4fc,0.14942873048382546
ck_b45e47c39d4dc7bf,0.2552652084346397
ck_02903c48b6cfd65d,0.023564772468388565
ck_b153386f1729de81,0.012833464983871893
ck_36979996f33498f7,0.7480034398059613
ck_3c02d4dbbf6716b6,0.14408903500795384
ck_66c9a19963957531,0.2405194773798829
ck_bae8dae7cfd8baba,0.012911070304531983
ck_bba0ccc6cd968680,0.15456717589596214
ck_3267fe3aac05c71e,0.01803628350932627
ck_40052cac10562cde,0.0626038943374628
ck_d973444855403e2a,0.018206902203326013
ck_012519bb095ad36b,0.999310382087539
ck_ad7c256ea10c4a00,0.7112497348543643
ck_70a60e095e9b706f,0.006830697928712249
ck_f2734417c0db4ee3,0.005433313557980604
ck_9cb89cc3178e0172,0.029062514759183613
ck_779cc0f2de4d5488,0.3313472644424603
ck_35f8656bf93e3b3d,0.013794587804227995
ck_bdd8eba728800e29,0.048376303987612605
ck_002cf760d173f0f8,0.1026776249367352
ck_b046067c6ca3831e,0.08102079250011406
ck_a4a42d4bff8af645,0.011731412105282104
ck_bce253d2396681a1,0.005468953765369064
ck_00dafc060c8de32a,0.01253408357367648
ck_968a99e097ee78c9,0.38569148340345194
ck_66949171b387bb93,0.026972324379377036
ck_ad305286702b1958,0.011345417316024328
ck_4732da7e0d2dfc7c,0.01951660557329185
ck_17a95bba77217d85,0.32045290061072335
ck_3e2516a3e35067e0,0.01375660455988961
ck_0b615ed566da1f58,0.09004438729199973
ck_d2b3ce1ebabe9f93,0.18681958977532587
ck_a892252e4e0c2828,0.007535697968881084
ck_cf606fd6ebfdf9bc,0.0258259648601902
ck_718865237134ebe8,0.06006812716762704
ck_878522cb775b904c,0.24217018185786585
ck_9ed53de6ef779ae0,0.010942217931353332
ck_3f16e2cd7e6874cc,0.017961190298598287
ck_3c59df37895ead2d,0.0028060773610491226
ck_6821459b626d492c,0.00047764560929470997
ck_11c7667920541587,0.06664582036720863
ck_23a016cf6b98d89c,0.32045290061072335
ck_7137eeb394d200f1,0.03975252581829054
ck_9c4886c5c90ddbdc,0.0820225440347859
ck_1422a7bf7756294d,0.9981400358357755
ck_7ebc5fa7f0d3b8f2,0.011697795224649062
ck_fcc2059a8d5c41fa,0.4545165536937344
ck_00ff7389d6a83e29,0.10440418178665874
ck_03129b41457795d2,0.04591735295951333
ck_38ba64efa7c38250,0.045600511992072976
ck_57a6b56b09bff24e,0.0028564960244921553
ck_e3b3c5a80a567418,0.015148663955759933
ck_fc40a16adfced018,0.02270817600661091
ck_9d4b5e6b43bad4d8,0.006128457311171077
ck_61129937ee466b49,0.065868758427316
ck_74112e47b8629c2a,0.5021924195860399
ck_b4703ee97f94d7fb,0.004891558923131171
ck_e560f720a988d8a2,0.563133723084849
ck_708fea345f68037e,0.002250842679331704
ck_25394c1b83e0b803,0.3507203213896398
ck_17ab24fe914ae44b,0.0006427225329586957
ck_16c501470d9bb006,0.014666346506310803
ck_628f449e248c19b7,0.10236597649174736
ck_6d64190623dea714,0.002403512488327355
ck_504a45ee08db72b6,0.004002383767310689
ck_6cbb011e0c70bc7c,0.016189745407009907
ck_b3225a98acd04f83,0.018280930842784517
ck_aa37993f1c17cd1e,0.13365676971988244
ck_558cfe5f77a55a9d,0.010553400682651723
ck_0d0a1a021efea5b6,0.09497074999378731
ck_daf7aea023b7a8f6,0.09211295410017091
ck_d75f25184ece2b51,0.03319389167670117
ck_466d4b5366c50b98,0.009618665636129562
ck_88f27ab479063852,0.07520081431632968
ck_66779098e78c1760,0.019910016193053062
ck_b150fe4efb449b05,0.004516317095153976
ck_9c3aa9f23d01fa1c,0.008433582537257126
ck_6a01c375fc26705a,0.006111692984523166
ck_002eb6552b504ea1,0.04290071718289007
ck_affa5aa0bff9bb0c,0.04131504483382066
ck_027614eeba8b1a4b,0.003011691775558038
ck_67e075c982add719,0.007049969077401407
ck_399b0d510be98bd2,0.04859286331277736
ck_e9b0bca7368555ef,0.029050775141194373
ck_59c29d9c57b4f994,0.4308046873460408
ck_37176850ed68831e,0.03277686108239003
ck_a0db4ccca08030c3,0.9375436660762767
ck_aa188e5c25f7f42a,0.10142779954604955
ck_7de6997178207800,0.0011415402663261607
ck_c729d19053387be9,0.04815957689674276
ck_f2d3e3d90608596d,0.7710488714013386
ck_2db3fb565e0211ee,0.001630085846828437
ck_bed8a480e27e911e,0.048306476246900376
ck_d7ad9921a4d25926,0.144282488278449
ck_2a59f23fc5194699,0.2216495094965065
ck_63601a58a6120d8a,0.023104209800814103
ck_efd7b9e22c6317d6,0.03290454062837825
ck_9ab42875a0f95b43,0.4177216971302617
ck_85cb5033fca7c846,0.25052497396510665
ck_5249b223000915ec,0.3330950544630795
ck_3efb0e9bf25612c7,0.048655715341448705
ck_678e74532ac19700,0.07387921832924114
ck_a980b296c95153f9,0.018056115003551906
ck_01ac687ce0d696a7,0.04705263390332498
ck_52e1418cf1aa9871,0.04650263735220631
ck_7d28da4f1dab09ee,0.2952853208323875
ck_010d0c2e6c1657fd,0.31279639599576886
ck_b524f7a2e752b9d0,0.024345553216299304
ck_cc447fcc24a0772b,0.4194470411183561
ck_2cb3c99845e572da,0.023491521329525797
ck_604c710141327a81,0.002207616482364645
ck_8d5fa65717d2e0c6,0.06907342944657027
ck_31199510b40602a1,0.009177046346756817
ck_49e253ea12f4e922,0.17840065667845076
ck_780738e0d71e7e43,0.09638879734172388
ck_2cd21137a07fdd7d,0.009243638227751448
ck_5e021f2a3b66e256,0.0586887052003896
ck_efbc79246e32c66a,0.01400104866068607
ck_9951bd806c13c7fd,0.34238259881300936
ck_7a52674e2806d8f5,0.07733168906236366
ck_1a319e509f1efa1a,0.004581038218472119
ck_c920901b9a4ba993,0.4526394038568102
ck_b71279e807d0b3a7,0.019988202391163192
ck_47e1032f490bb018,0.13575137472555254
ck_192579ecdca7ff83,0.07598233213719498
ck_b1496c474c4a3239,0.08033354531733634
ck_5e68ea2c5e893cf0,0.03622424079418588
ck_f2ecab85d4693b4e,0.2943152564141684
ck_89d7bfc81c3df597,0.006845265422136499
ck_7929284327667791,0.1366684198955587
ck_494ec63c5ce8e150,0.004494035705518257
ck_319b059bb2145586,0.10624421430046288
ck_ccb3767c239018c1,0.048243447295490495
ck_a1c7adfe26e09a8c,0.07489486893138202
ck_0e13c4f73818149b,0.05806561765051723
ck_c285a51ed6214f52,0.016001701532027297
ck_916784595f028226,0.17163461604253202
ck_6cd8e0196365c474,0.269897695347981
ck_57b657aba4daffde,0.11264763356615691
ck_562c76a3753fc7da,0.7149343411247301
ck_66cfc1ebc9a513c8,0.003878863964362639
ck_0f38d4aed68d7d24,0.01129853542730246
ck_d8ddf5e99f7859e4,0.08244845944878261
ck_41bc3efa0fca700e,0.1825651099916669
ck_40799e129fcf42c5,0.43052975468990823
ck_786f079389126e44,0.0897284138148009
ck_bb4c6b713eb0b978,0.04236926782146191
ck_4f01f7eac0efaba5,0.010008471561784906
ck_47d29c01b20cf69f,0.012517911327097932
ck_bf15a1f8d67a30d3,0.020419143437491044
ck_bfecad7586f65e4d,0.041795446159752336
ck_fc9f16df35190eb4,0.892019013255828
ck_c09c914e416edd08,0.2582854849873335
ck_c54c5d8e4433b0f2,0.007186976240900037
ck_1694c28f44480e98,0.048597997305563814
ck_1dcaa3078dbb7571,0.010308671670141802
ck_af559f990c640e41,0.006585030997626053
ck_9b436162039a77d0,0.13130433030353017
ck_79d62ef181bd0cd8,0.06229265097787148
ck_23caafc2cd34242c,0.012855201158984388
ck_ffe2aa26f597e552,0.013569181787716995
ck_e6ffd0754ac08661,0.003461724412954866
ck_beaacb4a783db21f,0.03308985237066537
ck_9863bff41d24ce9b,0.022895412247558627
ck_323b9cc5c49f8ea0,0.4781285531578416
ck_ab3de3d3e41c2082,0.05010060521783411
ck_35c93b2924900376,0.0004565947352844411
ck_5a9d5f9901e37e31,0.040245180288334514
ck_782b0be796164335,0.05426806173560764
ck_11960b5f1c7a5e2c,0.005560540421300379
ck_9a66cb13a9884cc2,0.07071456587303458
ck_ba666a425930615a,0.0006527286413460076
ck_40140bef4db73741,0.027216141076828702
ck_e05e91cc180063d4,0.05352997335923014
ck_c7f6f45710bc050f,0.21969094210466672
ck_055fb9f2e1c8c934,0.39562212279224795
ck_58bb02d98e2b9cd5,0.04100091589337245
ck_d9f8efa6a7800f76,0.20488225796623624
ck_69691226c68fd50b,0.796103651443737
ck_6f2f0396e5b1c538,0.9980735445712812
ck_78bc3f1d0f35ea6c,0.013364456050437972
ck_2d5a6b6636a2596b,0.008652227694372683
ck_7878545739af0a73,0.011359184079642664
ck_03c4fa4f3ed3512e,0.0030215138485117877
ck_1a9e51d092d62c84,0.6989367008569253
ck_9f3861940d8d873c,0.14430468221111367
ck_4684fdd61c6a0fac,0.018205306460335562
ck_715966f86d5c913d,0.013174041756520639
ck_77f293d44b4a3d2e,0.1380908248181188
ck_24dae044dc05f849,0.13065616158951496
ck_00b9818e2064405e,0.022011667965187966
ck_c1c2cb49c3c1b0f5,0.502836661635843
ck_bed50fc64fbbf8ec,0.01944910359775423
ck_4f6ed5ea5ab7c429,0.03824247103700294
ck_458531c22ec2f9b3,0.02263363041128444
ck_51c50c4c443df31a,0.24875452044865493
ck_732d45bd578dc39d,0.007508150741907982
ck_783fe5bc20cd02db,0.07634515106365973
ck_7f188aaa63d1d442,0.0033113351865056355
ck_ef307a6aee38d1fe,0.9450969488444196
ck_e37196b20968b73c,0.26591541320722695
ck_4ef9de711c3d93b1,0.06868320049806134
ck_17946516d5df71d7,0.13435684902872883
ck_3534be0f4efd313c,0.27641941947189586
ck_29fbabf855cabdff,0.0040703212469105745
ck_191673540d8486af,0.14120976113827388
ck_5f52728d777ff2c5,0.058825125834708905
ck_a045a19369016818,0.9993796884588544
ck_4eadbe7298b15e96,0.06211411780642929
ck_a3a0bd59729fe619,0.01699095587811412
ck_a1e77090b1c6ccf4,0.12311350481538551
ck_69ab9d4784eb77bd,0.07387246585572647
ck_baa47383ffd50f04,0.003459909370810939
ck_e35b2ed08b9e55a7,0.051432558468705286
ck_b6e3af0a5119d9a0,0.15138640926608232
ck_a7c1dabf3869772f,0.1708219890954439
ck_80b8fca67a14e0be,0.7015782781847031
ck_dd9c5f0c42878e67,0.002120843254548181
ck_41ef7967faf5ce82,0.004268532619577982
ck_a93560aa348d6225,0.31742242536940257
ck_ffe91d6f0bd93fc6,0.24284996902296963
ck_fbf630c960194033,0.29178822479968675
ck_497ed60723283c0b,0.6830284460087978
ck_2a46b7ca55239413,0.011635996633785652
ck_1a4e5ace078dd782,0.00866284094672519
ck_616cc31910f5de50,0.0127593890785827
ck_0d65bc749eb42710,0.01916229427016663
ck_2408db62e4395ccd,0.007719072111449673
ck_5d7721930106dce8,0.005490205655073831
ck_e8a6acea22b20312,0.7358824619604443
ck_e2f792fae128b18e,0.39495665775822353
ck_e6d3ce445b86003f,0.011737763560815797
ck_263334d722ecbc97,0.7454085225028986
ck_8c5b29f6666d4874,0.16276521047455553
ck_7ea0bf310fc20c7b,0.9039040892214426
ck_54d463f7fd89ec3d,0.00406077980450029
ck_79e45040dbdd6447,0.08416085576273372
ck_60b4d59953505682,0.9674308173355419
ck_fb00dd5021642507,0.10383290827780249
ck_f409ff994a210601,0.2616477023676432
ck_2ca0020038bfec58,0.8524825700710407
ck_adf84b9df54c3d80,0.16057598531140654
ck_942dbf632591b65d,0.05004671331817059
ck_454a7e4d859a3409,0.018350167743131467
ck_2139062d4569aa07,0.33500564127324145
ck_e949a0f4df0b3902,0.23978630782980093
ck_bb113e3e6716ed65,0.07692415465686372
ck_6a28ea6ce69cb869,0.3519209100620218
ck_7df9910af2bba21b,0.00736605820246214
ck_78aa4b731cbfe251,0.02288677404658149
ck_5839f5cbd8165b1e,0.05590624059966539
ck_7158ad9e58769ffa,0.4577894762521285
ck_acee218cbe61df69,0.17765375917877854
ck_f8dc8473c2772729,0.8936126962220062
ck_f34c93a8173555b1,0.14087006530444468
ck_7cf301d075e4e709,0.04473271982099813
ck_b87e88ee5512ea17,0.007361275441189871
ck_bed0c020b10afa3b,0.08125488849032732
ck_ca10102961f99eb4,0.006726702083311359
ck_393287947b5c8d79,0.15816471321001738
ck_2fe6cac002142f67,0.0655678794737464
ck_79c7f0d29b1db1cd,0.00873529555691663
ck_c735b643d3cbf67b,0.020098092881269028
ck_ea4332c8fe48e2a3,0.04691270688685009
ck_d39864119cdd460f,0.05400717324966082
ck_3b963d6be2773861,0.05172369262002596
ck_df39e3b8a9fd0bfd,0.8010991747755991
ck_6236a461dc0d11a3,0.007738763313304882
ck_475ebccca25e30d1,0.02351108861751855
ck_c10c8bcf5bcd516e,0.44905925590010004
ck_49ccc3716a564256,0.0006887916783180024
ck_4e4f99102f6938cf,0.10335504693129213
ck_a97b481ade6f7972,0.04559543712543469
ck_3fa559c679751b3a,0.11342399499574767
ck_3eba1fd2c7acc4c0,0.23315898691593562
ck_18c179b4afc4fccc,0.017856989504771128
ck_cc1c0b93d05b7d20,0.26423554833792373
ck_742f7c28ddd019e8,0.08617294298460443
ck_04470bc93b8a0d71,0.019042849432702742
ck_6e8f8ef7a03cc6bf,0.02698840558985457
ck_eb1ddfc353b4da83,0.0033063276645275315
ck_98831b57c7ca2e4f,0.005298579504185895
ck_a6c7b8d6e8596d4f,0.47835265970879526
ck_cd7d24e3b095e96e,0.32742239035707654
ck_3f5ae4673a9f858e,0.6422811008363913
ck_05f375fc8ae0afb0,0.010077901128257804
ck_1fc98436281ee39e,0.006064881880498932
ck_6c48c58678f64bae,0.00383718962168504
ck_8c95aeec6a4c75b0,0.0781945456368493
ck_364cde38958b7af3,0.42350239751461066
ck_85bf21aa1a00452f,0.05923997151431738
ck_796d3eaabc667c23,0.9989646534486566
ck_ac449ee0c315edde,0.02487829486937575
ck_6f9fd15ac6b163de,0.007888698730703594
ck_4087065be2a45ad7,0.6205128979022082
ck_ecf006bbc78ee3eb,0.7229464341167149
ck_8ca808cc5a49cb5c,0.16289721044440142
ck_94b90ab8b2dfb50f,0.16276521047455553
ck_59fd11b3232de9dc,0.9950666126315735
ck_67f3794d93e2dd67,0.4076503319469539
ck_b7f5acf5df1bb13e,0.05076484933748781
ck_fb04ecbaebb774bd,0.019640836583768542
ck_68ef3e7301c621b7,0.029870464617179907
ck_41406cfa209b6bda,0.08710927061007295
ck_b0f8f5408662337b,0.003072639285016779
ck_0d2901bfe585c391,0.5870111521244974
ck_3398551e81dbf3db,0.15804869068206562
ck_61c3e3e277629646,0.04080733903161961
ck_2825e34dd3e7ea2a,0.0014898942189301334
ck_20d7571ba830009d,0.24415287585052
ck_c98b16f9a72a6568,0.0030011452461330165
ck_e7c8a9e4641eb9ed,0.0005674954586461984
ck_254a7c97c36dab8d,0.12782082416634416
ck_e98429675b46272b,0.001654790516509035
ck_c2fc0ac460786d02,0.3244539879034218
ck_fba15647b3a140d9,0.058609147423420466
ck_15ce50f2704227be,0.12472634532422554
ck_8c748aaa4a4554f9,0.058603661700966724
ck_e00e82a9419ff086,0.011000359017607191
ck_832341c98254bd84,0.2668884026065888
ck_27466468d06db4eb,0.20279760194894364
ck_9d7b9e3ff1f3e71e,0.00599123517216456
ck_42c6973d3a6fe983,0.0010785303369496466
ck_877c85bad118bc62,0.059135464228195156
ck_75d2a2715259c4d7,0.19973122379615288
ck_37d3e5c681a2214d,0.7936718095400422
ck_bf285dd49f372de4,0.015473247249673385
ck_a5bdd026fa9c50fd,0.02601812217052658
ck_88d9244a9cf7a77e,0.862551395734214
ck_5881b174e49b04ee,0.06102774664008669
ck_5b16d67c5ea89930,0.07310523292328709
ck_b75b936aafac56b9,0.01729346948944469
ck_aed2681e1646a0df,0.295514673302375
ck_f63cb5e8cc702bad,0.12013050902690965
ck_1805fcfc4a9e4ffa,0.9770457685051598
ck_25c355da356c730d,0.041011354589099346
ck_70396398e4a96449,0.03707556577817522
ck_0f743bd13373748e,0.16276521047455553
ck_4b387765f0e916cd,0.004386981791948608
ck_e971faae8a10a260,0.02955712030984441
ck_9eb08369e983abfa,0.003989714697867732
ck_c30c5844512e429f,0.06428449964151685
ck_59e77e3a81f1fa0d,0.04751251098407251
ck_ca4465f2b5c1a52e,0.9946810156808124
ck_c89b9ca398402f1e,0.013547757104938435
ck_36e72ef9273e7a95,0.026261649384512902
ck_2bdd8616870e5e1c,0.0004352223984332396
ck_216e87a41de22b5d,0.3234902438740919
ck_60f4fb44f5efe3a0,0.013191677840496772
ck_05652e8ace6ce6cb,0.025822240458019015
ck_8c136dc691e65695,0.00016736236597589748
ck_a08f8dfadbdca112,0.007793027325607109
ck_bda4041a3e90d860,0.09579771779900695
ck_15dd3ecaa8ce0245,0.98593524148089
ck_3e3c64b3b7876ce6,0.07405537102473356
ck_46225858a38b2e57,0.007244362794269381
ck_0cb9f54928f4feee,0.021312174009355745
ck_152671fbf8a9a78e,0.3233981309547201
ck_ee7a515e87d17d4e,0.013564065665176298
ck_f7276091bf513d22,0.005273641926143841
ck_4f05daf1cf0d5755,0.018032535545316437
ck_83a69c4a5d55ef19,0.14187030646312385
ck_c50fed2a7c9198c0,0.12408955889437025
ck_70d19d5650ddc8f5,0.017869324581227756
ck_4b4d99e443618904,0.023884883412139013
ck_dca0b6ca93311ca2,0.1277494803982741
ck_b7431d4706461ec6,0.006882579106450384
ck_7b59d22cadef3b05,0.13789707388824338
ck_53428573abcd606f,0.32274431085454514
ck_f538ab6aecf2adfd,0.0009698685597237733
ck_d321249fb065d2fa,0.2673809094161348
ck_72fdfc7e6d8e1436,0.031645983191491624
ck_b52b99dad89ecdfb,0.06251301575527375
ck_d2d4282f9d256b3e,0.0673775164217499
ck_c8f2a1dd8a6141a4,0.011332266520810546
ck_8d38747058d0aeea,0.9697468526913547
ck_3ac528caac74f563,0.011446550441030887
ck_8dbaaa00ad829ca9,0.18201794263921142
ck_7c38ec898f0fc21d,0.06891136933384126
ck_8171ef803f5ff604,0.018513707957321806
ck_01a750db6fc1168a,0.5812273288229807
ck_ceb017baa26e98c8,0.16225606870917494
ck_e2c66c72cc0b0f78,0.6661184681590713
ck_8d9518f64b222416,0.019278372945696873
ck_804c5a1fa5753617,0.14198535198047066
ck_fca7cc9c42695453,0.0018082547535108993
ck_3a632cdf2c19051b,0.19339977274315168
ck_b2b63ea65edf1dde,0.21347335416643276
ck_27b07021500ee841,0.12363821834471893
ck_9724718fe64c6557,0.9920676933545496
ck_2786cbc3e75ec034,0.20500551565131594
ck_d9c2622cb6df380b,0.05146828702774815
ck_ae1da8ee98e402a4,0.025125570450397348
ck_62967b91504149f9,0.1596806593919886
ck_6b255bf68709109a,0.07660729904740154
ck_c55afc68421d85e2,0.001504008253272203
ck_7c7266f6ef2a8466,0.06713344581258801
ck_885cf685a9541190,0.9509528919118717
ck_1a4bb7d3d2ee3227,0.012961912889623787
ck_b4911c42f3bff740,0.011412458259904118
ck_66f9f78d4c6a3edb,0.10032845921531312
ck_49bdba9ee1899dfe,0.08674014239986297
ck_79b235d51718435d,0.0699324945877993
ck_d840db8cfe2ef6f1,0.0036564815051381497
ck_610c7bcc1cd7ecb0,0.05731977348472904
ck_cf49b6544aff6c50,0.8694172640463466
ck_de05f97c3d40dd1b,0.1554119891790275
ck_0302f67d75973dce,0.018566919868646635
ck_54c2604c9ca6256b,0.3585467779608552
ck_a1c88c0568f142d0,0.027128355067650323
ck_5d72ff6cc2963d1a,0.004916266791369159
ck_0446920a1004c596,0.007430197184444496
ck_71044c29ef071570,0.020953368259252262
ck_2122e9bb1afffef7,0.01661575374182034
ck_d1e3de178601d3c2,0.015951805724928922
ck_bec8324a3587ef04,0.08896742547347067
ck_b616b6f45225f319,0.23158085520336802
ck_ce1e695884511479,0.016126163291930957
ck_a662b4bf900781e4,0.00014379110654132347
ck_b5a84c5547378c10,0.03165579816058095
ck_f80af368cfc6cb7e,0.06402975301534318
ck_da3526ab6c5c884a,0.1754923613194672
ck_bd20be9a3392d79b,0.005976379404511542
ck_b8266dcd90cbfa62,0.0028060773610491226
ck_ac84b33304362c06,0.05442816018820693
ck_794d8935a895e33f,0.29431147759049586
ck_8fea7d915259f1be,0.01763666322155733
ck_7a1519ad5ff45312,0.004359210953496237
ck_9bf3ce30b65f75c7,0.3240156727076196
ck_5f864d72d1eead99,0.41587932074720824
ck_3c48e0cfc2a58041,0.8424402375338107
ck_d902183f80cc81fa,0.0676559424937894
ck_539cb0d117db8cd3,0.5610883170639196
ck_28f530aec8e77130,0.046904175093639346
ck_e7d903c50d353361,0.10002630801113391
ck_d288b77d1e227970,0.06733456220301405
ck_017208fcc01b5d40,0.01518370944767909
ck_7e3923d278a5106e,0.06001690670115308
ck_9700a00ff9e66216,0.20068619950157196
ck_5c36c78b7a4d138c,0.009394177751144667
ck_c457e9c9224b773d,0.008437071067924686
ck_1dfa91405d7e66bc,0.0032544119994378593
ck_f1d8a2695a575e56,0.04211578615463855
ck_3b92a46daf8d00d2,0.0229458895984386
ck_aab23b5470469649,0.014585968506673064
ck_ecdd01a391610d99,0.010296439121496949
ck_abd3aa292f8edb4d,0.007153624434268345
ck_7fc9a0776e1339e3,0.002678796513561538
ck_c0389ebeb0e65cb8,0.0035991322761651
ck_48d0fc4f6a2109fa,0.979681501485148
ck_571dee4f3336c7ce,0.023959456183329116
ck_4cedf26628c84f26,0.2029217242929313
ck_63356762d24aab81,0.1061063833333717
ck_2c5bc11bb7ae5d2c,0.974156273659998
ck_6d26a152f900fee8,0.053854866762613064
ck_c972b0e781efed3b,0.022888193991036882
ck_fa0ecbcf9a33d6ce,0.021034153468630457
ck_fa3a766e49dc77ae,0.0434927369883758
ck_7baf1e55db0dc558,0.026285800881174572
ck_e8bc49e6494c1f37,0.0035499167790218767
ck_8ef1d05cc1e53e7e,0.17119324975971728
ck_cef2a485a77e0723,0.004301605842052337
ck_228a583f23abff48,0.06502028139536253
ck_ac32c6e374782b27,0.19712295124381185
ck_b9485218cef413f0,0.027439019536678436
ck_7f15503048915d6f,0.004032329025301866
ck_b62f5144db15ad34,0.231652006278447
ck_917d82c552f95a23,0.029504851429012078
ck_fb4797045077bc6d,0.025744672055721125
ck_2cf8a44e041217de,0.4175089007268982
ck_b7dd681eb3d2ee38,0.04011754827264288
ck_e9e8cacd2fa35e79,0.07139358560565036
ck_342a79f91de5d1fa,0.16276521047455553
ck_2c91f62c05685ed7,0.018590062537162333
ck_e30cb64302939f38,0.07100002714797948
ck_d0e95b90ba86da10,0.017948810465093223
ck_1774faf414a5d49d,0.9859609244404667
ck_2401e8ff89e574fd,0.6921841919739814
ck_0cd8802264e0a1ef,0.13313402631601556
ck_da84a0dfe947fd3c,0.18007779454132897
ck_c8affb27ba7fb5db,0.10868804029859694
ck_bc7ece8787ca7200,0.021765256571844888
ck_469a0578d05990c2,0.001654790516509035
ck_eef67f8dea702338,0.11222169448063517
ck_4f490e379e9ded9a,0.0047117872929484245
ck_354379de065a8ff8,0.0012726167735955976
ck_5db1cb368bc41ac3,0.25992372463201496
ck_9b1c3742dd6fcb8b,0.014111378425966138
ck_63ce4f44c92d7143,0.10189771772673141
ck_e15e3390f5ed45f3,0.013436363761245275
ck_da645ea91d66aa6f,0.8282270610529979
ck_834ca727df855f07,0.1267655094045784
ck_e1d5ad20c737c745,0.28696410176372195
ck_ff8059ae5fa5f1ee,0.0013836351730167258
ck_8bb9e75393954a1f,0.10189610227225797
ck_4e1757d1347ab387,0.9960535177199917
ck_af3f74b1d75a5d95,0.04194636244410936
ck_6b1ab0742ff04c3e,0.10073209623787517
ck_f56073911c9f1ab7,0.0025016905888650483
ck_51bd5f69b4fe0b92,0.7472035201125211
ck_fc3d95030b81f416,0.0011178193404707793
ck_cf78169633a1600f,0.018188784394950308
ck_ad7269eaa65c67f9,0.0041799402295675985
ck_cc6d33890d47a6cf,0.14815479087460284
ck_bc8f31f4a2ffa1ae,0.0006503859121496429
ck_720776a46e56dfa8,0.02375063807470383
ck_e2d1f212f259539b,0.04895209108769766
ck_eaf6f7082c3db2bf,0.05797449769857692
ck_773efe58c6278c3c,0.07183946611594981
ck_c4a72c09f2fdacc4,0.013490080132183892
ck_8982888dd6611143,0.006303240420499754
ck_9d5049e195eda029,0.02650578001198373
ck_de58ef6f9fe2b546,0.03262693349992886
ck_c0b50c11e4f5adf7,0.1519314324545099
ck_ddaf228487858bb8,0.17933020548062037
ck_eb2323215ff70362,0.17123876833882914
ck_168c96a1a636ea15,0.04269541064545008
ck_9c46711b14d9eebc,0.017746767956902467
ck_de8af660806b97b5,0.010283382432006919
ck_6ab83f45bf16eaa6,0.005517406559725222
ck_bf2228a052815840,0.03666249703113208
ck_3f943f20a9da9bff,0.010989939059109978
ck_3baae40454c00938,0.031142930623034387
ck_bc2e771a1d8d2dee,0.3625062238510147
ck_e55f5ca37f30ce8c,0.051907608172658486
ck_4ad5937bef176d89,0.013860841452747324
ck_126531a9126c17c4,0.0038798788987999757
ck_7ec423cb56257516,0.046040245414473546
ck_54748ae0f2daaf10,0.03643116564875296
ck_ff24776280ceeeed,0.12486602286893786
ck_3c3a1a1365741bba,0.10156019045442084
ck_615277c8a4e2b18b,0.023460865389946073
ck_a96aaef34173aee6,0.22266543844614728
ck_bea56db7f3e930e8,0.009275537898725419
ck_ca491debd3b32a59,0.04370921218095257
ck_d9ea77f4114a389c,0.004002089972913379
ck_322ffda3332d08a2,0.07833588314643303
ck_c40ffefe4e30b001,0.15297291532271057
ck_3b1d7648d4580bef,0.002289260446282761
ck_23981a3261674131,0.04869018340038925
ck_11667f5b9fac7bc7,0.002161987305305356
ck_646bb3c7be5f0817,0.3237405224424731
ck_ebd0a45712dcf07a,0.01132340442398895
ck_baf43bf1bd963f9f,0.08250416991104591
ck_e0ca2c819658f6b6,0.9991368635023358
ck_f0d6633d0834fff5,0.05180651074635388
ck_91081be0254878a5,0.04942451634107897
ck_1325000bc7f35b5e,0.011633254483722858
ck_c624b9063400fa3a,0.4095990168475054
ck_0ad6fa0e23c3bd0a,0.23068537181899149
ck_6ddb55b1f23c6cb1,0.08473689841724974
ck_dce1fb3acd65562f,0.0024140002246311183
ck_a9aa389688ee5aea,0.06192373629532118
ck_5c5284c45d9ad8bf,0.0646567600654796
ck_9ce743dd3e92549c,0.3053876480937156
ck_8342e08cc2f9bcb7,0.015028168755310099
ck_25e551a0a8d2fcc2,0.33982773747807077
ck_d4fd0e438c97e0c7,0.49033443445394387
ck_ac7fe1c344190c50,0.22739918767268047
ck_ddd65711b5651f89,0.007579234950725665
ck_ec7406cb5cbc8f10,0.05892185404328629
ck_1c65e8d5be3b9c60,0.867107540166697
ck_38ee42f15a573e81,0.026048196803969054
ck_0e5385c70c6de025,0.00845041507847396
ck_d3137f0f7629040b,0.0060080187005587486
ck_9129c92c12e0c8b4,0.007470297780816344
ck_c86520a00e50a926,0.033107886018631426
ck_87f82b2b5fee757a,0.02648697139484863
ck_643abfbd7548d0c9,0.1101539567107508
ck_be51f4e5e6b85768,0.11866076743349452
ck_132c16312f37810f,0.08194475317385132
ck_c78c096ca8cb33ac,0.0005612934523923586
ck_2ce5afbc014763b8,0.04339229210551152
ck_50ed8f4e7ae6710f,0.04046161553801247
ck_5a4eb535c9a11993,0.04573709414742502
ck_9b665ef46d785324,0.005367675652237347
ck_e066f71f8b296b7a,0.051222218079558075
ck_560bc6017870ab06,0.0021500719030683206
ck_fd78f8a8663646d7,0.016751159355947377
ck_4af5ec61ddbde1a4,0.16276521047455553
ck_c2ed04a9d218410b,0.010234572402887426
ck_2455d43bbdd2bb69,0.15636251481766975
ck_56eed7041add49a1,0.7727933735293004
ck_5f0be7b468a72333,0.01064900938576432
ck_19660cec756632ca,0.024084507051504965
ck_fb90408f4892a21f,0.09630944019303925
ck_833a65b86a5d9bda,0.010022321111027688
ck_2ac36e1dff211d38,0.05259082212337169
ck_c00e70606904539a,0.006976921725935565
ck_ba8affe4b9505a95,0.9772893565404266
ck_0c3dd22587b08018,0.037362364563172046
ck_618c4e5cfae99dcd,0.23379582512401786
ck_c9690baddfc4177e,0.019688433143312204
ck_59fae092fb0c4aa3,0.07798504352333413
ck_e03b7d0fa0b28f4b,0.13886839342619903
ck_d451d24c780b5884,0.010686209252366626
ck_e980d325b8dbb8dd,0.004246966687832125
ck_cff18e2d8c520272,0.016796448326026118
ck_a0e46b67e986ab56,0.03243171039346122
ck_3a469039a5b9d963,0.014348758268250031
ck_12cbb211ebd2b437,0.18455011946804276
ck_b8cdd6d6dccc4554,0.0009703278138145075
ck_794ba5921cef50c9,0.26892557437539877
ck_2c7667f64edec2b5,0.024118725470341138
ck_7262b4e0c29c942d,0.01332099160896309
ck_5d818522cbfe2a54,0.11462982417459239
ck_de39c1947fb675ee,0.07424926990911182
ck_c021495606b4735e,0.023550128450477256
ck_1fc03ba33edd9e67,0.10665166718895117
ck_a6fe344bbf67f14b,0.01928664315614658
ck_963762210edc5694,0.22792847440113473
ck_d064428b7e7dc409,0.03898943979235624
ck_59be61b53d971611,0.06847613109064729
ck_ec8738ec663cd2eb,0.02633249526719146
ck_59d086fab5998646,0.013448253270235907
ck_bd32dd3b2cbb7888,0.9992891309889068
ck_ce0166addb93bbad,0.011343379519173403
ck_7c0fdfbb447cdc04,0.13451675533401897
ck_cb1bd7635968ed8c,0.40330574324350177
ck_66f94903177f20eb,0.035131916277528624
ck_1d7cd5dcbcdafd7b,0.06359709441743942
ck_5e418a7c04437b4a,0.031201052355041163
ck_631ea1ae91ab333e,0.009407484083495107
ck_0a8029e79a5ae7ce,0.13202199955425695
ck_c4cca8278bdad9b9,0.0022196525608218394
ck_4dec3df58077a257,0.026506231832648473
ck_609c249edd88c565,0.04761912249198525
ck_02e5f9cbbbf2f078,0.018187037540998183
ck_32e486859130458f,0.5688700754259992
ck_21ed2ea6386c5a07,0.0024312425044580575
ck_1242aa4496576a99,0.0011936068301044787
ck_475ea9aa6d3898b7,0.1989856684070105
ck_fe1b1adae3be70a6,0.8448193225240744
ck_c5414d7a8031d4f5,0.154511813383643
ck_ca1f6f01868e978f,0.040355553132564496
ck_5eff0208c74ec714,0.054590062470278936
ck_a315c9619a317609,0.11953788135335125
ck_2b87683c90acb852,0.12420766998996803
ck_7cd9f39c50748ed0,0.09497074999378731
ck_16a06d58d71935bc,0.07784745414917216
ck_d116e0e7c19b878e,0.1408705654373515
ck_931510e384b1d0cb,0.00039390373652616864
ck_e7651fb87bb24132,0.00352001071746908
ck_88ef9f85948e1a01,0.0014539827215813402
ck_17bf38d51115a8f3,0.22404264564923623
ck_2659d1d3762a2825,0.016617675591315575
ck_a7285955e2852686,0.07313871587312858
ck_f2c33d5b65b321db,0.11045649408146377
ck_83e5979334345622,0.052098684719428384
ck_629537d8b4d0f395,0.056438357245104966
ck_72022008a92c9386,0.32453086645116863
ck_2973b8274f0bf69b,0.042682146025968155
ck_565e3418d2f4061c,0.06636609970511646
ck_54bb53b8f8ea32ae,0.9978849925995377
ck_af0a6540ea7a36b2,0.004541321714809476
ck_888651bfc2c8cf70,0.015089059790724746
ck_1dedcb48ac381a1c,0.45895153828682134
ck_f73273e220296be8,0.08164228211443711
ck_8424bf65223a5a9e,0.18711078453363325
ck_337b930fd149a696,0.027288657467495602
ck_8a4952de8a123ef8,0.24644333411150313
ck_884168153c9c0c81,0.006311494210649196
ck_fdda581aec411010,0.0012970087450788227
ck_2b7cadbc8b180d32,0.9650944807462781
ck_8aa8b9968233a1ab,0.07140240737630761
ck_0af18b3ce015d294,0.04225836152676684
ck_8dde670a735d1e90,0.5506660766356227
ck_62f46226f244139f,0.1432877446920934
ck_f948e8a8fdd79b4e,0.06768082214671772
ck_fa00aa0f3e859904,0.15015208086841456
ck_fc7935f784a4f249,0.0032220221985690876
ck_e7501307c0698e5b,0.01314248744238718
ck_549ed417f2834cee,0.49699828025963827
ck_fb2a35571ec719d4,0.4544248545745527
ck_25822068c86c856f,0.007772405456200677
ck_8f35d229b62c8f23,0.24202965341745525
ck_bdcf049c1e7d0c95,0.028704541960455753
ck_0aa9db36eb16422a,0.008375732435630704
ck_42dcf92e9e016922,0.202423059459772
ck_42341cf31c08c981,0.32914896133036053
ck_0b20bfc515ba42a2,0.029423238613274876
ck_0ec820b670d48098,0.009911270860330841
ck_1f0bafec397da8e4,0.1062623502557022
ck_82f07504ab59ed33,0.2401990764043481
ck_337b24a474010abb,0.9991807358083992
ck_703703bda38fdcf8,0.060826813755818915
ck_01e7960c63dca3a4,0.9985070853419347
ck_be5bd81e3715cb8f,0.882545785255302
ck_197f8058cea1fbea,0.002017516473084626
ck_eb3fb1106f2f1b21,0.4650608652373928
ck_658b4b54be09a4bc,0.9976008897326935
ck_266ce7ccf41ccc50,0.008683666607563026
ck_110608c3b03d4038,0.6275992917869826
ck_1be8cb95d6d9bbf8,0.0025687427838259184
ck_8e16a64a776afa82,0.3689777978251634
ck_34bd190d37eda534,0.26075881405896406
ck_4f521611ae14ae66,0.0043959378275357655
ck_d839798f9520363e,0.4232496195673662
ck_d1bbfd246c0ac9d5,0.5140355709244544
ck_f19030e6e85a6776,0.37312454497295133
ck_cdabe60ab59f9d5a,0.10373472850278057
ck_bb84b2b30293f566,0.9677282600675889
ck_427b91925952cb40,0.09093815925587004
ck_1078b1e155b5b640,0.030281437577125023
ck_95fdc264eac72fa0,0.018616626148621866
ck_e35eb857c61548b2,0.672471763412355
ck_69bd0b1abea7e1f0,0.84501756382052
ck_59de511b20c842ba,0.23331923454967948
ck_168e7ea341a36b80,0.03250667942162841
ck_4937cfa6526ea138,0.03447388092199154
ck_bb1a981306b750ac,0.37129640150382626
ck_f42a43e4c3f34ccd,0.03716128651239698
ck_c7ae1d4b3ab38185,0.009930010760954214
ck_bd23cf9bba1dd33f,0.10309466912966805
ck_0fd826fad7ec7cd6,0.040530035865091
ck_f143641bf3dd0414,0.03576561011146312
ck_ad6d48c20a3688a7,0.0014560539290317653
ck_7bda5b5b927b2905,0.27499192074057077
ck_a337eb38eefdcc88,0.5300217931056388
ck_403da2a2d800df9f,0.27856605248985716
ck_aa01d5aafde73d0a,0.0489060274718249
ck_494954023f0eb309,0.08245906493218713
ck_1c6820fc38135ad9,0.050318559374542306
ck_0e0bab173622db9b,0.2871159985128781
ck_547090bf35a3b243,0.03486464028052491
ck_d69455220b21dc9b,0.015467425630879666
ck_90b4ac695b9c6bf7,0.014029655197521404
ck_8d2afe17c0082e6a,0.09177914173654214
ck_926b81c0ba528eee,0.014187495792466809
ck_ce36b0c287bd198e,0.24008439313494512
ck_8026e017909aaa6c,0.034715280700752325
ck_dfba788f35d4c372,0.020450058521819334
ck_f09f9d0e0886e0c6,0.03572343173441067
ck_4ffe0366df388604,0.003918914260703488
ck_75bb521de55644c7,0.34772626590335104
ck_81a960fddf79ecf1,0.9928253685580593
ck_8f43459991ea511f,0.006412388865964571
ck_f878b68d66fbfd4b,0.004765002300579891
ck_e84abfc0c747c9dd,0.9870396047329069
ck_3ad3fd3cceb56b66,0.9928365636282547
ck_7cf562578c7f158a,0.09387765103304717
ck_f81a97d350397306,0.31506709307688696
ck_255d87b7fb40caa5,0.1439905564147433
ck_b3905153b9eee924,0.01546530695189568
ck_2c80a592fb4cd6a3,0.0023546521267269996
ck_57deb202d4188a29,0.02232238443031239
ck_e3cb5f31d8e94448,0.9622281818103415
ck_0db62d5f7f75f80f,0.08382753749558981
ck_ced9163ea85589ea,0.47048030870783886
ck_e16528edc694fb33,0.9835226293392776
ck_78cc5ec4940fec3b,0.0026174108800960097
ck_31742076e9a998f8,0.007672708855124651
ck_5ac335f02280271e,0.21343913471918893
ck_7cc2e091806cfa5b,0.11989484758033125
ck_3152c7115257f084,0.05344491723943008
ck_ab1b9d019921bca7,0.044085063364876574
ck_c33a762d98f9b290,0.0018515901486646296
ck_b16a7c51b6f7a6b1,0.9197298879480029
ck_97402a153348e68f,0.0025698238589989828
ck_95391029a21caa24,0.21433108785901622
ck_c2015a1200971fe9,0.03635172471289896
ck_ed4427962c68918c,0.9853915426519115
ck_c5e4a17d3efb19a4,0.3435027568603166
ck_8aec3d3dd51517c2,0.03611419063522957
ck_f5178a658225d8e4,0.041158515499044354
ck_8594f165e95316d2,0.0664961114666741
ck_f0c4aac04076a6dc,0.06944621176002438
ck_ac2f7397801036ef,0.040620782847630175
ck_d1ea4bcc407c7d5e,0.037794230044485844
ck_cce8b6657a538fe0,0.11857808642957968
ck_66d0c6d6b67a8d58,0.004535084947101837
ck_1a6b30320835e57e,0.0022369273522447877
ck_8cd274cc85aa35d1,0.0316945692503324
ck_ada46085a78280e4,0.01983647734060879
ck_ce1b06623e4a815e,0.0016654222006750685
ck_45e70c8a9686580c,0.1140920757656211
ck_0084d8ab6b1044f3,0.028870624089676073
ck_a5f7b6fed6df2aba,0.08225017942991546
ck_94940d783e7988e6,0.043343336417908565
ck_00f9ca84d1d8ae7a,0.00541501356274247
ck_0deb56f3f6452818,0.024617865672866293
ck_a58e900469dfc3f0,0.16276521047455553
ck_028c41b195280980,0.0030091345160013242
ck_7661d7ceaeb19f97,0.16162354536501794
ck_6957905a65c47879,0.02805142524706296
ck_f7c6c26ef3c4ae06,0.14338451386418574
ck_8777beb11aabd66d,0.02484388353119424
ck_7db098a17374bbf8,0.9870815470737202
ck_66aeb00e44486cda,0.2770317111226768
ck_838c52cc1d315ec3,0.1505055498815637
ck_1745847cd4e5dc83,0.06092117414833792
ck_201687857ec8b3cc,0.09105142413979339
ck_81818169208a8cda,0.025350642677456073
ck_3303fd3f64632c7c,0.4305677005763572
ck_edf1096809e83ef8,0.040749588356853876
ck_235ce9603c7dccbf,0.12444020090057688
ck_9df7e153868bca13,0.22447876543433476
ck_3cfeade2cf270fee,0.005798476857409593
ck_982b0bf2e2b6c4f7,0.015913128912974694
ck_faeb0da678bb86c0,0.011067923545523673
ck_e86ad2fe815b6ed9,0.010608828205031727
ck_70d69e5d1bb99e85,0.09362220286233375
ck_7e9a8924eab779e6,0.9945624571878796
ck_019d5891103e7da3,0.157477911886363
ck_14f0484b3817eda5,0.04644780915060332
ck_85de63d278f0fbae,0.0018242630313430855
ck_ae91b4cff57fb3bf,0.026840727600173402
ck_2a6d43b9f883b78e,0.9170268975703909
ck_7a4e3d553e8ab5b7,0.3003937791364914
ck_fdf89dc69f700f84,0.6295613166211502
ck_f92e04024bf13558,0.001343554583095628
ck_4a522ca2dc4831a0,0.000146765026151156
ck_68ba25dc3385fea1,0.00714616763434418
ck_22128a4f0d033422,0.4147568528942586
ck_5b52ee0a13c71590,0.00771152757895565
ck_59472d17debedafc,0.010404299264434012
ck_9dde2c63acda3ba3,0.013674931637784313
ck_7510b1023cd08531,0.041022147745542345
ck_071ddaaf2e4e3671,0.003905345546837602
ck_1355db6f4010232a,0.2627489170324475
ck_0a7adc2f27f98510,0.08784883945144964
ck_68250033717cd59e,0.014815781046462303
ck_7c12de74de30b788,0.30714814705537336
ck_65491367584c730c,0.019389845056913615
ck_e9047964952bee70,0.06742304741886311
ck_5567779d6ba184eb,0.030605696910600153
ck_d6ea026357ec6477,0.04780525211704358
ck_cd7dcc884e283746,0.08569927783909358
ck_0bd77fea8ed75a15,0.022534350068649206
ck_e80883208e8d0453,0.02240096977290496
ck_2ad0ecbacd5acf8e,0.9951739433610702
ck_6c1dbee7e8fdd5c8,0.0054803712775336934
ck_ee4d9a7449515908,0.0029988467312646286
ck_636111f7f030496c,0.03393532068189105
ck_2c629c657f73941f,0.036361317322904055
ck_c1c9d3842d758420,0.015490347072850904
ck_e4df7faacdfe8c40,0.05746646754137331
ck_94e8142728e44380,0.6048207699698355
ck_765aaf42c5088545,0.07023957475624602
ck_e0f845159b6e6a4a,0.04364624924062532
ck_5bc07deb82edbad7,0.006594504816719736
ck_713159c5c6a7a4d0,0.9992551141318166
ck_b08afc91d9ca55db,0.32045290061072335
ck_a7bc323ffed2ea97,0.6316924328043753
ck_85ca825f905a34a1,0.13772869199939863
ck_33160c443d4b3f19,0.04684130485056019
ck_832d39c590a3ca75,0.9560449915056863
ck_7d1661a34164406e,0.9958451455863527
ck_c2466fc40fc9d5ed,0.9979441652686637
ck_ed0e776c0926ce67,0.2825668103794255
ck_cdd2ebeec75bfa69,0.6939827053892793
ck_d7877684c7923ec3,0.03260029214508029
ck_7384d4d2406aabf4,0.025628533316545535
ck_b8e5244e650aa81b,0.051108765792794476
ck_25a1ea40b2d59254,0.0011949645007970871
ck_b9e5b318ee4de68d,0.061701850451156046
ck_620d7ae27af83cea,0.014036832817597884
ck_40b4e264d1a12b83,0.9674826308725701
ck_b694c803b62862b3,0.013250707094188562
ck_cbeca201dbade3e5,0.4579346849096772
ck_f9b439c9161c3e52,0.06342921845718712
ck_9880410fcd10a28e,0.004778356833087084
ck_74928f5f91aa12b2,0.34290345877646755
ck_b6673bbe61d2680d,0.03136270337202589
ck_53c8315b5c30acb4,0.028415573506125114
ck_78f01d78ea79642f,0.08456127507099176
ck_8582490d6e365a63,0.3185611780529007
ck_af25c72d16299258,0.001654790516509035
ck_7905fe8e257b0449,0.060096367684263005
ck_0d16d9349e4a9e08,0.048005519719552824
ck_31b16b8848584e98,0.20285668772145285
ck_67207e3eecc02d76,0.02380758917167943
ck_e6b95ff91116a592,0.017139142148397592
ck_c08f622bcd6de6e7,0.03687620118681526
ck_f9a68da9e0f0bc85,0.021473834480985343
ck_4072b59388976896,0.010693929328707504
ck_8ec86e853ad52828,0.42952276514097926
ck_4fecb87eaffd5cb5,0.003507411504172101
ck_d6880578428b965e,0.7266519620580684
ck_bfc82b3c1c9f2897,0.966561910779516
ck_c340644176ca03e7,0.12435036235169857
ck_321e740066fb05c3,0.11466836289979812
ck_8929d2eb09872052,0.3373378303110217
ck_205c107cec528414,0.8285263087543125
ck_e76db7d2562f9836,0.055826358929852826
ck_9ede51c8434cff6e,0.06859335329567362
ck_492e4b89c61b7b6c,0.016417050381103523
ck_9385f5a1eeebefcd,0.26591541320722695
ck_ee52c7bf88f952ab,0.020563305547575128
ck_d8116c34302021d7,0.004450650015735684
ck_01645ea51972e99a,0.28271357155659926
ck_7b45ed23304a854b,0.035405286894180724
ck_2096d32f3d497ea1,0.28936935822857857
ck_dfbb2056f1ef7d3b,0.04101595920572211
ck_938ce30c864bc7df,0.023915158913756663
ck_ff30dda2c881a4bd,0.16609278326492696
ck_f88c79186a082beb,0.01115002149204575
ck_08c7bb0f9851cb76,0.240136639834801
ck_2675e7a008e584a7,0.09402632026263036
ck_cbaf8a954281d4e3,0.985108027598882
ck_8b24eadf6c72b30c,0.869786599771616
ck_ffc8e3c1377d0706,0.010725459440895646
ck_5b59e859bed5b40e,0.029639501984576894
ck_7b61717f172f9317,0.9671403160999695
ck_e5c30947b732f661,0.1640057853173048
ck_bc273f3ce79f7e1a,0.004174036603199793
ck_f69e93388b3028cb,0.3214975858960834
ck_3837ad850996ba60,0.016888261839727938
ck_36d78ff3bc033ee5,0.02901508196322487
ck_5e20953547ba4135,0.5906964185176183
ck_258d661e450ac870,0.027440227564866262
ck_1df66f537496ca59,0.5000642957131608
ck_361f535599110201,0.00371996533316025
ck_337e98c69f6e7886,0.009211425509770015
ck_d3d5b2717cfc3913,0.2823951093776845
ck_b1dba768dbe7affe,0.11909683420791331
ck_92d782bd9ce0d1e3,0.018622831256406392
ck_26bd0f8898afc8ba,0.0033497703337010774
ck_7916e53daab36745,0.30358311719254205
ck_2caf553b31831a50,0.05791025025973287
ck_c6200734c7f9b2f9,0.9852394167840118
ck_cdc55623cb16e6a9,0.01769099709591031
ck_57849e15b61c43b4,0.005701775829032565
ck_b7af9b2ee0eebbc6,0.043802892036333384
ck_00aa5fc3b3bc66aa,0.11737360909469814
ck_9929723f65636c7f,0.991052146868825
ck_8f6cce9f69912983,0.02358777170666046
ck_c422ba389ff00781,0.012651383584430001
ck_9ec7f334604a228f,0.010721893568004211
ck_5d01200ba3341462,0.05925835317181344
ck_2bf10be403849c9a,0.00811377328585098
ck_6ca018259f70858f,0.006204182753569641
ck_a54dc042ebb7c766,0.45137242656456744
ck_79da63fc100830b5,0.08240678412126029
ck_67ab6f9e05c85085,0.002166287136684839
ck_fa80da579ea9afc0,0.22851850900844128
ck_4339f86c87289222,0.7561550479705397
ck_a2299b4f530be0d6,0.6676653419040454
ck_19db0bf788697c2b,0.026533975348275732
ck_fa4211c4d826d830,0.000622013188926616
ck_96100d5e8e051e91,0.014223470950859721
ck_5c3a671883d58b3f,0.006824607346740111
ck_2d9524787cfe1ab3,0.8114057743582123
ck_47ab8e51e5b3a2d8,0.04568620710900146
ck_c924f36bc1bbbaa3,0.026291892803765624
ck_5c58e7f8fd55e26c,0.0038404481546746713
ck_a07e7409d6d5aa06,0.0833720660380199
ck_c8413898f5f7cb7d,0.07136142903834847
ck_577c816b41cab002,0.8850242326779367
ck_9f7807ed64cdb728,0.1594688948052733
ck_495d814d6d6d521e,0.0035251723030832872
ck_7aa8bc018c2b003b,0.025353260054849815
ck_7c3a6a82f3c3241d,0.002560232503056971
ck_487f7fbc290e4ae2,0.07477155246311351
ck_e556c4d36aadbe03,0.05990326450435633
ck_7e6569a1b2455cb0,0.009823014274008345
ck_de2924955926d046,0.041556118516164656
ck_73d60b4630e3937a,0.007316100880284262
ck_805ee564bd35ef15,0.20703156736300585
ck_0d40961e47797027,0.005285053779842101
ck_f06d00a4f9c87d80,0.010642172720905035
ck_5ef50fb07b6737d5,0.21168719270617928
ck_16541fc15683e21c,0.022479116077334885
ck_09fd43f1b7e2eca2,0.007882433174394111
ck_2a2c336a69b8d68d,0.70371893998024
ck_2685f38930866af0,0.08116059264510661
ck_298278a9da874437,0.02399411610641171
ck_00bd7803f2530c68,0.027094301174488866
ck_c2b4a1d8c0b6c1cd,0.00273519943605121
ck_2acb54ca20c3af6c,0.16944840070957837
ck_e3d4b6f681c783ab,0.031091924044453666
ck_f90293f1eba5d7b6,0.07953675090377697
ck_e69d27e8965df0be,0.0003600089842643085
ck_b7f5d10b427346ad,0.015829623491536098
ck_1ce20e4223a936b1,0.031903097458143834
ck_6b97d1ab90f6bdeb,0.020791123777733435
ck_e30e17db5473c7b2,0.008215145939541793
ck_154c8efb19dee665,0.012970561469995496
ck_6f5bb0c930644cae,0.999342024862672
ck_9e17699baa83d173,0.00264833304586575
ck_9693b1eb70880205,0.1185537532303963
ck_1e97899875bb427b,0.006907093814769883
ck_558a82590f65df69,0.0020512514316689823
ck_18df83242ff3cdbb,0.04073701570330888
ck_80ad4396e1084c68,0.1695716946978572
ck_0a993bc947bab61f,0.020708172361410607
ck_5c2d43ff841632f9,0.005337187024673806
ck_6e4b99fb9725d9fa,0.08047127580075751
ck_e0983999ca26c19e,0.058837821945506116
ck_6573c4947cc8607e,0.25387991621234784
ck_d879d645d6e44207,0.015160123596899257
ck_1375ad9f10688e4a,0.026631884250099328
ck_7501ebbf4e21f160,0.03304428165193401
ck_ca60d61cd4dc3bea,0.011333284840796702
ck_ab9ea095a5c58b4b,0.10771771146606712
ck_23756522b58df5d8,0.001214956454279929
ck_90bc176c43d85fd5,0.38187638079821323
ck_908b663b2dda94ad,0.18705971508221605
ck_4df2fb8e4b649e27,0.025098906985438565
ck_5615c6bbdef05291,0.5227903324500253
ck_b62f3e3185251f71,0.0011686569008892097
ck_38d1a22850178f33,0.0061745030897602995
ck_5b3ba20c8bb1383b,0.006391031507188546
ck_5576ffc6aaf6f22c,0.001338228282103018
ck_cf7a022178165e56,0.03758810407720743
ck_f2c7a4c50e2ede96,0.05728521473142005
ck_285719c77eadf915,0.0032610773367662024
ck_f2aa1b677619ab19,0.10828866282290571
ck_3830c58d841e9e69,0.9240296658874637
ck_32eba3510c8eac5e,0.0016838192416211545
ck_8955d7b9030d5eb5,0.09940038842420207
ck_6775e387dace7525,0.05216080938881749
ck_0a0cd7f4be606a93,0.17568008747231548
ck_a9f700eee5d638df,0.044089900686633765
ck_3d7db96995745472,0.10362908597053758
ck_aeed557007d52e9c,0.00024684245047883977
ck_79b6a86830156b5a,0.06158788573710505
ck_6a1ff9d69466181c,0.9989429299674634
ck_f11b1565f986f5e3,0.17254817138379375
ck_4819327a78615485,0.006441510296783397
ck_3ed9e081959b2f5c,0.05002421869766299
ck_16af4be191c47d3d,0.005167815614751783
ck_25122cc0e8b1a662,0.46508264721357123
ck_509c22828d467ba3,0.05334523718284645
ck_31109c899336348d,0.07884064132532723
ck_c51131e53baa59c7,0.0013193235992546685
ck_cf8ecabbc61d3e11,0.02681716229519086
ck_eb6baff0f85ba936,0.16910123675210653
ck_777669e2243204f2,0.9902313617254332
ck_ac0ea27e692acdc9,0.052079014408494315
ck_4c6ea04ce8ca9e2c,0.01633482435149531
ck_ca54b32fca7e94cd,0.0199537390272303
ck_4dfd8947f540eb24,0.04106118809852962
ck_95aff1fe27fb24bb,0.0844683383268225
ck_c7550723b90e5615,0.004601771742892497
ck_57b3fee69bdf85e8,0.023437343573526073
ck_f823407ace7ff064,0.15596566819732188
ck_a69084a068bcc8aa,0.2613734958665761
ck_c7b17f7b24bef5d7,0.07168382678345252
ck_7c4e588f927c27c8,0.07336329418244622
ck_77fdac602d0c6f95,0.40440084665269177
ck_e963d8525018d072,0.12069603585425723
ck_6e8ebaea8f7bffaf,0.0017469582040348364
ck_aa42976a31cb7770,0.004379347143855468
ck_22c862a496008c96,0.9998177095733125
ck_527550dd15f38782,0.055682356581765236
ck_b3ab3c210e2c7c19,0.02519480226650302
ck_ed9c56fdb9f45ddc,0.7891432212002657
ck_b53281da70defcfa,0.03609434259476644
ck_03009b721568ee98,0.2677621052127164
ck_3d9afd862b3f4053,0.7920607412329389
ck_ad3c4be96599554a,0.009078282459112295
ck_d1c787c27d50af49,0.1034844675220631
ck_c7a9c7b2eef46a99,0.500978352006146
ck_53036d3c6c74446c,0.7944538652427537
ck_1b1efbd9c0964c8d,0.009408904378695732
ck_d66f42a269d5c1ed,0.27671157371251703
ck_fefc49a2b8ad993e,0.021217990362779635
ck_8b3b874249adece9,0.026069873863412155
ck_193d9c87ad3f1dad,0.013080175612910612
ck_0c6a50d747593b7b,0.027258530898363508
ck_c830f3830875b47a,0.16697048038655019
ck_79e202f06d8dfe42,0.388352100376729
ck_5c0fe988b8aa7fcb,0.37016921184003176
ck_a8382d8345f21e1e,0.00023849055889927877
ck_8cb20053914692d0,0.1696068113571152
ck_1da2f69023ca4c13,0.0030705783032710723
ck_38abb60995114f8f,0.07431309899674912
ck_f5791fd8fd8fd191,0.021614486010013822
ck_a4e6fc391b674335,0.3510540663065258
ck_bd771efb4a7e15d0,0.006166669170113872
ck_38ba4a6b6a292054,0.22611958967360327
ck_f7a07283345a0dce,0.031225289037837698
ck_87dc484baaf5a23a,0.0023859357850523574
ck_c84ef83489badbfd,0.046622863667434435
ck_a397cd64ec5d644b,0.10082166688982386
ck_7977135c2ff61e92,0.015545999758321211
ck_52174855b243a8b0,0.3766251595873016
ck_0f35e930d0614613,0.9827871075258053
ck_b170a7db522a0d6f,0.034634074142885836
ck_7af748a23775bd54,0.48852065144796597
ck_52f641c9ee6fda70,0.002895301623678636
ck_c3719a30414bbb4d,0.004531811076081976
ck_2baf214ad6bc0dbf,0.15718346934417898
ck_8b39d8aacfdd72b4,0.25434116295500775
ck_d39b0152116203be,0.043822347528981384
ck_ed33f8a937f9c7c8,0.023442881850353918
ck_8ef97b55a5fd6ec9,0.0023540667514499692
ck_8247f008a14bd1a2,0.003003385533443649
ck_f0d349d68249d5db,0.04550172482359982
ck_a544e766540861fc,0.019518017693290233
ck_9dfaca4c7c80b10d,0.38977669370667506
ck_7e5401c362b2216a,0.010851048304795224
ck_64ff60c073fdb6db,0.20302092961503473
ck_fc5ea49518e5d637,0.002369342937417014
ck_580f136ced341298,0.026708430612858488
ck_9cbef9bc95449dca,0.01424448716058853
ck_e475a3b8ba870a7e,0.01465276523252384
ck_97e94708bcf43563,0.02065990651191999
ck_13f03ec785cbdae1,0.006485395842467065
ck_152820d8817f478c,0.06695841040876384
ck_d20d4ba60eec9945,0.03603459016216497
ck_5c45968a805132e0,0.08667293685151178
ck_bebea2cf3063fb24,0.03649850345038456
ck_c3c69aefe7ea1d2f,0.023691693773656413
ck_02028b72f26fe855,0.02005177118305181
ck_dfadff70a58a9133,0.009403454382876807
ck_6482ed4491bedcaf,0.016415512329835093
ck_754cd7b4a5ae3f94,0.07324540956454284
ck_3132857aec8485bc,0.0004500508867894698
ck_7ce4ca91b8f9f1c1,0.3155978882499498
ck_41938582f4351772,0.14875052376863407
ck_f87d66946252476c,0.6096772544206639
ck_8053f1879a9b4e43,0.0013279043040127542
ck_93892e91387f5103,0.456258380819266
ck_15254db133b28371,0.058927340896308716
ck_d557b9feb241b3ec,0.0009140606302704088
ck_71c3a8e4c12c989f,0.07222003341118387
ck_80e3041811033443,0.07796696293525815
ck_3380d60067b4634b,0.008826766865943678
ck_a9c2cdc758df8510,0.148758911404085
ck_3c0031d7514da17b,0.05716436289425848
ck_18d214b1418be39d,0.012329021203279293
ck_7ce768407fd48321,0.07317431831541955
ck_7a50abd42298133b,0.01707831721623633
ck_2db10f987d137582,0.11892954983611026
ck_e077d004cd1d80ae,0.02910425969969049
ck_1cb6dc67f9a321b5,0.006252498594018091
ck_b864f64101149c35,0.5465806123554989
ck_9bedf54df9418e4a,0.006604584665476738
ck_c47e32c47f0e6578,0.7367349621076202
ck_71f382d5e338daa3,0.0106995142297127
ck_14b4bf7be6ac2b61,0.08611571793654517
ck_5c87eea1cc07cc92,0.5321656536630741
ck_5f445182829ef342,0.27835777973040665
ck_a5d7311291caaa54,0.018335547686375648
ck_b7df99aecef385e6,0.3852505405096504
ck_3327a0582407068b,0.03484122883821172
ck_08dba09fd7dab896,0.19661482240454173
ck_f4ec334be5266378,0.013646166558491112
ck_240f7f894c5a86e7,0.01293384438545125
ck_a9d994554fc14a02,6.822246402082354e-05
ck_13648cbd306eee6d,0.00755284197940659
ck_601edf9105b3c321,0.9983423216179707
ck_9527adac182abe57,0.4595925064516675
ck_4e0e80f5cc271bf7,0.0016086979913761093
ck_96a89e720176b389,0.09758393255626487
ck_63560eec94b76d2f,0.09497074999378731
ck_c9c99e5b19aeced8,0.0001764072401002415
ck_bc32655ee5ed643e,0.04425803029303793
ck_edccb5a93b741744,0.011963648030549398
ck_f786cbc987b70930,0.0029507242343181266
ck_0e8f26536ccc8947,0.13180924321251852
ck_b87ef4b98cfcec4c,0.08655033471728248
ck_1a9235812de4b2c1,0.23885579333880871
ck_d1ed88ea4211ba4d,0.049523391192733836
ck_a4ddac49657a4450,0.27937557730134044
ck_d9ffca35188e49d8,0.191241107893601
ck_3db73bbe03c3d240,0.001602983496129621
ck_fffa0622344a36ab,0.002126830606549836
ck_148c28df51bba5e9,0.7200663033476734
ck_076cbc25c8f15fc3,0.9991872399866214
ck_e5ca550b39ed45bf,0.4163286117118959
ck_8dacf3a2061ca17d,0.02973396982072979
ck_2d7394afd61643d0,0.045126837879267724
ck_e42206e91f6a1752,0.017806205604133565
ck_2f4f94827984c426,0.008829258031397372
ck_edfe8e90e8f4366e,0.0007112560012841466
ck_646b15f753e5e9c6,0.25868100646046455
ck_66600620149c8799,0.060213617700272004
ck_4ff6fc70bccfba96,0.17092319267069214
ck_41af3729590c2484,0.021308572969282142
ck_920a48ba8c583e96,0.001654790516509035
ck_0253b3e7be021306,0.05129652307964106
ck_2ae6949246ea2648,0.031487981899296566
ck_db23a5100f338d72,0.05906281090738661
ck_fcb2a559474c3493,0.034451051710246115
ck_0a4d7acd2a53cbbd,0.03648882811782952
ck_c5d62b2b7a6f3bac,0.9742175423260813
ck_cf59f4fc0ea690b2,0.008638091796393872
ck_837be8126bb19250,0.004741968093054211
ck_58955542edee1adc,0.17817733761369914
ck_1b93381d8eea58d1,0.027252598987454805
ck_97b8e05d62abdc14,0.020159168514254772
ck_71a0d645744302a3,0.021927783810321726
ck_a7b57882ab66b111,0.0023268785164094283
ck_65f76421be648549,0.026935538568491235
ck_b53ea8713d32ca7c,0.04120606176954464
ck_991c4c924a1d85ff,0.8520029709368786
ck_8432ccec1a4ec7fd,0.9976285723608579
ck_64c1633297f43788,0.0017090728147959044
ck_4291fd9c1161d8e1,0.15657072488602883
ck_5e98ed6391d9f429,0.19825478178823608
ck_c7baebe4549fdbb4,0.0891045986587013
ck_6e67225ba59fa5ae,0.05863470125631805
ck_719602def4d35fe0,0.10428083455594256
ck_bdee7c86f5ebe81f,0.05112865975991817
ck_8de38f8c7f91961f,0.2915668687614187
ck_b0b5bf9254700402,0.26198334468376416
ck_7b55d9bb1a250d4f,0.26874477754599596
ck_3954b7b0fd1d6614,0.007070044042729062
ck_f29471fe7c818d6a,0.11662911861061
ck_9e65a8a2f587691a,0.08758440252537265
ck_eaec5f1a83b66eb0,0.008194197107663852
ck_004fe0daecbe2c1a,0.030585548671545035
ck_d17653a4a2d4a79e,0.09593027574624789
ck_0dd417fcbf19e424,0.05387812900970542
ck_4c99a6eadea143e2,0.09985655998392262
ck_74d602c907ee9119,0.06404098222246925
ck_1aa87cb62acc0ac6,0.03802063625265853
ck_094974d75e29fb2f,0.5714247848356525
ck_5ef935ac3d4d3332,0.08912728192262395
ck_b26e4ae47c9107ed,0.42760921628013226
ck_396cea6f95186ad2,0.056998296987460326
ck_48446a9e8184c7d4,0.0006910782031867127
ck_31e1ede23247d56b,0.04907879782936208
ck_7afefa349b960a3e,0.08998731254944319
ck_f5e02a3432571b20,0.18573415217827174
ck_64eefec062592c43,0.2868537954788389
ck_a1201284122c141f,0.03453135969671153
ck_1b34c420a4c85a95,0.018615284132373552
ck_d637a011332ba67a,0.006581299771936328
ck_99c0004d8b7079f8,0.043710213736789225
ck_948517bad569b40f,0.28030555466593066
ck_a28d6b1601b472a6,0.06340314192981607
ck_a0b4209feb31f5c0,0.9991103103847272
ck_d6d2c1f6dfc455b6,0.1132215497548322
ck_3f9e6d356d3dd3cf,0.021353025699722732
ck_d08e00c842b75176,0.007120823737538882
ck_bfdd232a7c5f2660,0.32045290061072335
ck_2cdad03ed069438c,0.07064981188818158
ck_42317c3eabd0a285,0.31251178571835114
ck_3eb73e56751c704d,0.048835999226440524
ck_ef33c04f4c9e3758,0.06887542415032531
ck_1dc23dc870f1773d,0.12376782339302432
ck_76091f357974a152,0.15528641717610875
ck_4d9eb75e8eee90fd,0.03716558253802993
ck_578f67e69e5d2cfd,0.014444667988063785
ck_3a8ce1cc724229b8,0.004136758687663484
ck_a96887f841e80fc1,0.05056636375798066
ck_d2d4a8f4a9f2c33f,0.018236364420508525
ck_11f85bc705dbe036,0.11481137057891867
ck_7429b3f87528e335,0.00588221027574289
ck_26df74feac7ec51d,0.15737859771401638
ck_c78b2638fadd91ab,0.10753201872127863
ck_7eaad325abe3b50c,0.11641377304894175
ck_fd44e34af620e606,0.17076946523826417
ck_f99738dff854e25f,0.0012760930643389498
ck_1ffbce3a239bb264,0.1255728709128452
ck_96c7d52ba0a766ef,0.297483664196979
ck_cb1c00c300af3f9e,0.09302510427173039
ck_ec3d12848ced99f2,0.022318282690077577
ck_26cfd7c3c6c7bf69,0.009858128410314814
ck_7ae86b5a885affc3,0.029540292630145595
ck_3edaa94d28cd48ea,0.004875002954351166
ck_3209c530c9812e39,0.06268924729597519
ck_ea62ebfc1f04b49a,0.002475879180309576
ck_5fc90b4668ea81bf,0.053066937220151475
ck_95654593cdebd141,0.012198719401885027
ck_958c0bd61820147f,0.24203004110277013
ck_8440ef1386c07194,0.0327683218562967
ck_8cd1b68dd74b1375,0.5714994496604996
ck_c9eb4df91ff07f2c,0.027375361238168337
ck_c29489366c01fe65,0.9566591472462931
ck_c965fd6bec0f0ecd,0.03812589842231116
ck_84c402b23766e1f2,0.028918443405780408
ck_181f3dae03b87136,0.09152058256543506
ck_022a8ae79eb28cf6,0.9660511063890148
ck_469c17407d17b706,0.047446670972769334
ck_1fcc5843f39148a9,0.029722560977646018
ck_5debd55f361b2ddf,0.014949421237246404
ck_28cb9b03e89263f1,0.0006170417353759123
ck_f067470743d3c7a2,0.0434980133506012
ck_d5d225ce41a1a762,0.027998336432237075
ck_15b4840922195ffd,0.019043785005177834
ck_6bcfa37c717f19f1,0.03899031682067786
ck_8d501a0386c66be8,0.4358460012331903
ck_1a9d6190c57ea7e2,0.8010602082823578
ck_c49832eabdac5bb7,0.0035282924047123475
ck_b4331140b2e0d4aa,0.13823165599168946
ck_5efbea1befdefe1b,0.44798345597736117
ck_72ff52c4824072ce,0.018204769031771425
ck_ec3715add8bbb6e9,0.015253153350928155
ck_9822f8ed05335741,0.22646656967876197
ck_c3d7d3d12a1981a3,0.026653046366017053
ck_a115a7919ac5875a,0.3293130228435529
ck_4dd4ed23e0b927b7,0.7788593082391503
ck_4c76efcc1ee6762d,0.1551238556685951
ck_3ad6e7bf452c9b21,0.031082707615007938
ck_dcbab304b55a42c7,0.023625171804153067
ck_24b53090faf722cf,0.02491098724899207
ck_187317383400491d,0.047415183629756996
ck_e07fd57565c94c28,0.20499989019945203
ck_740e760fdcd27835,0.014466434642288818
ck_d3796aebda1cfed5,0.9397177079430852
ck_e541967c681cb929,0.06074542724992041
ck_431118050b834dcb,0.002643019921972562
ck_90f3655f0c8a0074,0.01088934977987578
ck_13cd943777651aac,0.08957173257035408
ck_66accecabf3901c0,0.03391496678397226
ck_937f0da2306b2eb9,0.07284404639446669
ck_105b0c93573fd5b7,0.9239956778433683
ck_00480407160e0743,0.005876949275770745
ck_e032068be7b77d15,0.14900901840561512
ck_991b7dfd69098320,0.008360733019945108
ck_37d47cf0f34574a2,0.006778352512701261
ck_011551a596544f5d,0.019569891723919024
ck_9acd98f4fe2d474e,0.24461577874952853
ck_7c88d3d377bb61bb,0.0376170949280188
ck_e2374c7136c964fd,0.11680246203328332
ck_2fa8f2577116e9ca,0.1483804461387161
ck_d07c5b0321c685ea,0.4174036981318836
ck_bc736114a31088a7,0.18982555531254064
ck_32bb42f9bff197f8,0.004141315563191214
ck_66267bbad1f1415f,0.999576542964912
ck_19988702ccd79201,0.011074253629212572
ck_f473a03fbcdbc4b0,0.009337488930236513
ck_e3f1d85fa5d49396,0.0074509947878666945
ck_c4402ea6291df271,0.1712055899768762
ck_243bd5ca8c4ae5d0,0.003543948867812492
ck_f271e855925e8d6b,0.1550689850174092
ck_e424148c6f2223df,0.012419812624253353
ck_e4d0a9e1102a58b5,0.004205653854569597
ck_91c2a5fe69b9b1d1,0.2661764869107059
ck_5fd8924732fe403e,0.6403372222727328
ck_9a881d5433126ada,0.025038233450410747
ck_73cab88b29c7845d,0.05080374324129429
ck_5b5dea6476d4e182,0.19930509220599973
ck_ccccb17d2ca6ce94,0.16026370084436067
ck_cd1dc68e441222b1,0.9421958111043334
ck_8312c49b1431a406,0.03259521085745422
ck_25fea39897f2a559,0.0050850134013933485
ck_f56200205280bddf,0.21331372024239484
ck_7336611650dcc088,0.004952407033180751
ck_590716322ff147ae,0.05576795607206111
ck_c82364d87875a1a1,0.029377977266949948
ck_fa4b60387d744fc5,0.008684652083959667
ck_d841eba8906e9a15,0.00467340932107367
ck_d6df562a79b9d0d9,0.01300402762607552
ck_59a14d2564193101,0.17128420811786257
ck_8530158e3d7f59e7,0.0031292813518789585
ck_ac68d707006c12a8,0.02731569014356796
ck_976fac1bb3dd8c58,0.18492823872080869
ck_f854fba8f4adae3d,0.2938637065031983
ck_b98e9c3ec6e7d1e7,0.007968560482852029
ck_803c0b4cf9d4bc1d,0.03147372917820332
ck_76997a33c3ea5107,0.0051639808808927835
ck_f1a9d832b700bda1,0.9931388290865334
ck_2bd96ddb8c323d63,0.997317480412012
ck_9e5b7acf51b1b743,0.12834834114347368
ck_09169f22194fd6aa,0.009148007494781592
ck_6d69e092f9b0848b,0.024427053253643843
ck_9f83fa5a2d3b9049,0.03533014298107667
ck_57bbb19eecb4b87c,0.022930655421112816
ck_e0e9cfabb979f428,0.007110259479749055
ck_b1ff9edc51d42f97,0.008100970422009178
ck_4682fad271d47eb0,0.9939345292200945
ck_ab33fb754c818ae3,0.36134372697750283
ck_b456f62b80e21557,0.0012083948122491148
ck_16340be3f2a7fffd,0.0017886081578116382
ck_ce66831f6611014c,0.008677832486123272
ck_4610a073bb54d1b1,0.14732159533062278
ck_fd038a7d33a9d6e5,0.06599630058254183
ck_c8198cb4c461304f,0.0992589090443069
ck_1e7de58822000dea,0.0195009173969687
ck_b2a79dd3df560f14,0.15269678450650026
ck_74a06f347b32347f,0.055384972248644096
ck_c6fdb2972417c9bd,0.055881036459820115
ck_d7607a213b800bfb,0.29940416620935006
ck_df65967b8b40319c,0.004286668312230495
ck_329a73dbd585ee09,0.2412231715106518
ck_74991a9e85c3b07d,0.02606624371356626
ck_bb76609b79e0bc9f,0.17292044767917394
ck_f7fc1bd0b9ab1fa4,0.05825688163158991
ck_d111c98b36bdb791,0.013056430193026974
ck_f07e27d125497b66,0.021711004555517308
ck_093e3a7134e11d6b,0.05643857263255384
ck_862c7953bdea48b0,0.01157504765911342
ck_392cf2cdd515c34d,0.007249122761203417
ck_80eb91b0b4001084,0.09780070561969458
ck_5923f53b77193a58,0.2941470880647653
ck_8049f5fce32be185,0.9333263095543121
ck_ebc5a2c6cf88e252,0.5021757384877628
ck_9ea5872f14cce338,0.0636250080761551
ck_f7fbc95ebf584379,0.0028060773610491226
ck_bafe82c870356706,0.9929062954887521
ck_278b36c5932d9bff,0.02507521667210098
ck_6a892dd5d05c1649,0.10140411526536967
ck_0734fd90b2cabd43,0.015585077050983153
ck_9b552204498b6762,0.1164207523191228
ck_f6c909c205767956,0.08762730211254911
ck_32f590e87bc3d715,3.8957856508128256e-05
ck_66a8325f28be7562,0.052877859324863226
ck_b129261da9c3c3c9,0.02302575414564863
ck_a524071c51ddde20,0.16743643677380163
ck_ba576d6d4cb6130b,0.7585612622329745
ck_8d8226520722af78,0.03951704503377864
ck_c5b0f0d4f1655a20,0.10153023581377843
ck_61814ae9b6d8eab1,0.3358375300139436
ck_382ebf136f7fa337,0.4934055931603782
ck_423ff4ede6a9f066,0.0057366710345203254
ck_546ad962d04b7de4,0.9833546633865385
ck_9473ea4a01c95f9a,0.521899736306963
ck_9eb1da8cd35a50ce,0.006525746070324479
ck_de5eaa2cdbcb67ff,0.37442276450295314
ck_537cc97d0398c922,0.38416002402979776
ck_998475a2e4dfad4e,0.011155004350559073
ck_e62eb708d2688fae,0.1747739513748119
ck_ea623358f704daa7,0.6618191520579608
ck_b911a09f328dfd4b,0.06885011778740432
ck_4b3506b624e5193c,0.1554913522182403
ck_448456f96788713b,0.1266999581005676
ck_5d5ef9e75f65d076,0.1294225457902726
ck_3b74512f774a6e5a,0.04548750122057501
ck_a032e8ac1507c6df,0.9276161964167333
ck_7e2d6b22a0ae20c2,0.08497604429947579
ck_d80283209c963f11,0.010993720022512723
ck_d1157eade2ac3975,0.03688213605010794
ck_be48f583f79427f7,0.20031466632823944
ck_0027b5d4107d65d8,0.13266263306570109
ck_94fff69584dd3b2a,0.12349713132402976
ck_75fcda73f0b43557,0.012532089114433698
ck_a1c78972e4ee4082,0.029588308960863507
ck_f0982bbdbd122f91,0.03418392994199698
ck_3199b471575aeb3a,0.04751960373780328
ck_7fa947a0b1c1cf74,0.0368404661281675
ck_a60c618b7f0e4252,0.0015009862848119485
ck_722ac47c8ac9b6c3,0.4781696791257433
ck_d44dc3839a195c8a,0.5978353629451031
ck_a2c3e82fab520483,0.04523337463038971
ck_6f8ae0319c07cafe,0.09976882479087883
ck_49886ff1e2c759d6,0.1319302412820932
ck_150a1108f936e6b0,0.015457807269411254
ck_e21f9f96f597695b,0.01204955280940589
ck_7297bff2b7fdcbc8,0.004440226531311243
ck_ee949c71f4f702eb,0.9979534630563226
ck_6fc37dea4b4f35c6,0.2652653284340477
ck_e76257caa98dc25d,0.9969861033555063
ck_828eef2334e17b3a,0.06904245492077375
ck_604e1b8a8c693aa7,0.08443425824592231
ck_7743c9fe037d1f9e,0.09585511566200296
ck_864a11202e19e812,0.38420721500477045
ck_4ec040b9e3785e4a,0.035519940407635224
ck_7346e4f820d9c00a,0.9953572401446296
ck_48d4d63beb26b623,0.0033189197401878915
ck_c423aa6de3ed1e01,0.01824348334437562
ck_d74b2ead8aaa3f73,0.018580008279953666
ck_1dd69a11daa7bf1a,0.02045493328851715
ck_d9143e236eef177f,0.037091522329899665
ck_f790d91e5ff0eccd,0.07243607960280384
ck_69b5620e00ef5dec,0.004505956003034246
ck_cd32e58e8a1c0e85,0.025719288059227928
ck_064013b0957d87a5,0.9955250759316672
ck_a481385c2e60dc4a,0.3497422048504726
ck_d72035cb29db3aa4,0.12017728352820309
ck_3759939a0205306d,0.012713708863243555
ck_f437a53fc832ec95,0.6258112031391121
ck_260ef2f3e6434819,0.34847438817609105
ck_35e411b05d22f663,0.01610411402725302
ck_8bf46e472f3e20de,0.5307452244067998
ck_d546994fc5d3e9d1,0.004208131308162864
ck_6ff0fc7487e737e7,0.9091336019403294
ck_5c67f27816ae0b6f,0.01358552269416716
ck_c5517923458106ae,0.08307496705782327
ck_d9735647a6b0b0a7,0.9076898973874175
ck_541a734fc457246f,0.041369123099987345
ck_2f6a639468f41043,0.01927649874874898
ck_bea2cf7a6b7bb900,0.004434276304495373
ck_7eebd0e6ad6c070e,0.0063083510922817545
ck_b64c87d5e3b10e6a,0.9903893962605239
ck_9dd7daacb7833233,0.04068719330542067
ck_396e9ea9a6c6d7d9,0.181981539692668
ck_1645e6cc53fa99ff,0.19071542575308975
ck_ea2a83ccb8d57490,0.0292176329045293
ck_e64f0df63e1be595,0.026706285168131307
ck_fa0b234481cb57d3,0.11069741163175482
ck_63379e3c9fe6f711,0.021809175444326537
ck_c67f7944896a0310,0.32329813124712276
ck_c10e54c9db29e6ef,0.9992048863030285
ck_7184ad7709ae4c80,0.16276521047455553
ck_f8b6069d7577fde6,0.25876703261625633
ck_18444be153bac1ca,0.9577283740647
ck_d0982b4e0e118e4d,0.6926646434975764
ck_6faf3e6820398866,0.05887454253729278
ck_97e980463aca4644,0.009613049187967121
ck_630c835243c66b19,0.9686282485469412
ck_fe429ba3e1aa0e4f,0.05076484933748781
ck_1058129ed7b48c59,0.07649464428615982
ck_04a1a46f07885296,0.0819332830469167
ck_f01e94331067edf6,0.017217377660449694
ck_77b2fb17c29f5e72,0.054550525737042534
ck_4f0c5857da45fb28,0.2346658241832631
ck_2cfb9a7775e8a5bc,0.9881140955872375
ck_6846100e43659bf3,0.007011664995602253
ck_f89719a854fe11d7,0.048879515202402996
ck_bf47375e41ca3bc0,0.01394599793448649
ck_2770b0400a7bef08,0.19967653298563673
ck_2a09d142de1c77ff,0.07914488938818882
ck_857a1f5547b9ad68,0.02763679967220715
ck_185f15b1523bbcf4,0.0039754695571933875
ck_ab2aed614ec1cdf8,0.07112333715822278
ck_a9e7f3b2d5dfd97b,0.0038912352585179473
ck_0eeb3d9b3e697edb,0.056962083409104636
ck_fa5830d81bc8ddc1,0.02904583515280953
ck_231ae0329ebc3220,0.14911781763801252
ck_1587763dd54688c9,0.16602476129750354
ck_9f85fea4490c00cf,0.01006905516463664
ck_a2d709e7eb91e4af,0.2034582527989528
ck_43637d28c7216453,0.003628782299833609
ck_f3ab5dd853d38252,0.02503874912186627
ck_4a1f0172d3bf4fd3,0.34244002150254266
ck_517620ca16505af0,0.01015227110356397
ck_9ae904fbef56065c,0.06438710580806015
ck_d5ef1f6e34bb35b8,0.21149801515265937
ck_ff42557857ae3aeb,0.01895707434040124
ck_ad9a18f58589faa7,0.05259074429515629
ck_df1a6edaa3e6b271,0.010407973098685974
ck_99021fe7225b5a68,0.04203672096724003
ck_99e52c3c2530b69e,0.9960279137609755
ck_3a4811dc4a1a891d,0.05576014799516809
ck_ba3a6be026c87079,0.004053079296044474
ck_da6d1e5cf6aba6fd,0.006752545002515925
ck_ddc7c1f3d45fe6e6,0.011680866370719103
ck_e1b1e7a7e4a15b3e,0.005515646013968115
ck_8288f7f226e08b89,0.015522292189797435
ck_c4524993ec31dbe5,0.016746203274119527
ck_8b19bb5b23b6741c,0.04994962691262453
ck_d21b38231a8a9f4a,0.6922745226389334
ck_3f730318a9792292,0.06541559917884393
ck_a4db6e94a8f77f9d,0.058784054100160105
ck_a8cac8d480306839,0.003798390577715665
ck_5472214011fbc2a7,0.003530916984099651
ck_7356f47dbbbe7904,0.07627773677215788
ck_16801e628e883d78,0.017287375573960213
ck_0dc1e536231c4860,0.10440537576857238
ck_7cd0634a6e60af83,0.026086459525825167
ck_ef6f8e048ae1bd4b,0.027664367505705743
ck_82f3f744209888ac,0.1247561053471276
ck_f33188c232a03526,0.8033934693077978
ck_4a59f4e10bf45d7f,0.02052221227418614
ck_d96c893721385e4e,0.009855140528144226
ck_f65ab819373edb37,0.028529388697475483
ck_21cac21fc10b7768,0.038546993079306875
ck_139b54e6ccbdd7da,0.5533383879143089
ck_d6f5c8741697abb3,0.09959446796564578
ck_a28d9bb5590d458f,0.1676902659097808
ck_ed26d906883bea0a,0.03358616117706241
ck_227602ad072b838b,0.024508863982266347
ck_39d5f6c17c745ab1,0.007956981349163783
ck_744eade757ba69b5,0.059226323228640056
ck_c1295d97cdf35ec2,0.013922337217680894
ck_69105f881da3c821,0.005862927040775564
ck_933789b55361d7c1,0.9833008742028067
ck_b667952253503174,0.04294942866077614
ck_7bf668e25abeeb05,0.00674671253054474
ck_91742711dfdffd56,0.07359983139949598
ck_af32a0660090dd68,0.15128296806733071
ck_2122f201e65f76ee,0.008797295726772342
ck_f48acb73a5d6af07,0.1382623672880265
ck_337c5684510cf432,0.29053617706317797
ck_f7bde7265053364d,0.05444342697018981
ck_c190c7b924edba75,0.0927145454912652
ck_044fa3b3a003f0b5,0.11774585882552874
ck_87eb43e3b9d96169,0.33646805838217625
ck_2d3d6c9364362017,0.0030370610660553792
ck_ac55dc6cbcdf8228,0.022438783155816232
ck_61d7b0568ec5d6cf,0.17265145523780126
ck_89c74feeaffa7d09,0.07385192227013154
ck_93776b0c113f41f0,0.08876347313958288
ck_15e0b679931f7a8d,0.05863389808682
ck_77b56c49cfdb1d81,0.13122980288669603
ck_73188a826b5f499f,0.006692072516879127
ck_4f463ef25325ddfa,0.31227620044271515
ck_863db2e394dc47d1,0.9579680196335321
ck_d52432ed597f3cc9,0.026384022383322558
ck_04fb61e5739642f8,0.7951571895989052
ck_2e481d75d110c06d,0.31868249667232196
ck_3fa1a523d77cd619,0.008024026962875332
ck_466dc6274fecd708,0.009069077491908885
ck_e1790b3aa2241b10,0.899663682553241
ck_84ad096a46e1a960,0.09343213229023713
ck_3be72c9c178fa00d,0.11780014148467689
ck_5a17c89219d1d9fe,0.0064688372843355706
ck_4f639f4ee6ce8d9e,0.2669689416908813
ck_f4ec4a935e51b4db,0.016580351111766617
ck_f04040a830f92bac,0.2120389225024408
ck_3e4d02a04be2aaf8,0.27979828835244686
ck_4d1baef193cfb900,0.09771517508050462
ck_0fb3153d37626b75,0.02065816215923809
ck_88ec57a11b11f702,0.9587901938392369
ck_dca9dc465f759db4,0.007609649657297338
ck_64f5fba6af67e024,0.1242631772886371
ck_896096cb167254ef,0.2835935992655983
ck_7878679065876b98,0.04608508328045372
ck_fe8e5a6c880ceb4e,0.014478687590055626
ck_a5e036327d3d1862,0.006468765472518359
ck_310f73940fc4cf4f,0.04737370948898166
ck_46a8db16ad00b749,0.13576098138171125
ck_0d33977c3de8cfaf,0.9985673227818301
ck_c6fff412f531db0f,0.0056859763215775525
ck_bac6dadf428eaea9,0.06072380347742786
ck_1b96d9af0d7da2d5,0.0030582284366423747
ck_fa8a4a9e77799fcc,0.005161575272762809
ck_0bf48607a874b4d1,0.0041676055973485894
ck_eeb75f8a6439f65e,0.09710647180240697
ck_a209a5f7d172125e,0.018326830682738958
ck_8f346b72fb40bf14,0.014765808976608513
ck_bccbf9fef367f00f,0.021257202824216885
ck_2d1548f1ee405cc9,0.11858523126041118
ck_e8298ff2dc1e9d50,0.002700756155117745
ck_77c0fb524edb4a94,0.06717700119603079
ck_28ac4c5134cb8e77,0.34504115361242654
ck_db23a0e3e54be60c,0.8404084602549264
ck_a059d00cee5cee99,0.007318036964736807
ck_3e9e3bba8bd363af,0.0051295794610593925
ck_0428728df24cdab4,0.0012766791939681239
ck_88cd35378075c84f,0.008199389167595062
ck_0174d76398d9dc0f,0.5369454186270266
ck_3f1287e6c27de0dc,0.12201349365272222
ck_ff822700f3605e06,0.9982129049911006
ck_4563227b2038ae07,0.3518879956924097
ck_788e78065526ee19,0.18068207631631975
ck_8a16eb584093b12f,0.0055135384798523585
ck_cc276f71ab6c08fd,0.0974117684278125
ck_d61d97b21002f3e9,0.09617840227772127
ck_4b2e87d86a5e415c,0.03130761733001916
ck_3e6f35e4500d2f2a,0.004196309402058041
ck_3acdb083e0d8ad61,0.023925094037635108
ck_cd655202db489010,0.0037581546995272127
ck_829cbf5ccda481ae,0.0026030264315308246
ck_f5882e6f98b8b4cd,0.03180851331793885
ck_767947540b234add,0.08796791339117051
ck_a6e8e8f535b1f1d1,0.12645559564124567
ck_58412a2674fea506,0.02193799118844844
ck_fae7e518a585fa61,0.08550902567364503
ck_9c60ae6958d68dbd,0.18425799767974524
ck_328696b8f5e54ec6,0.3117951971999383
ck_7df3f8f4f1068d62,0.010073604123478288
ck_cfadd21458230ef7,0.003081869418040887
ck_7048bedd554c703b,0.017240562745759396
ck_50422466f145bfd7,0.00987161884251919
ck_61e1f7168cd9ff25,0.17373068430211897
ck_733aff0f56f5b3c9,0.022789923047297173
ck_e14892e424180549,0.003611663846830628
ck_03f6664a96de7d0f,0.05385484371243839
ck_b7f4baa2cc82fe61,0.015171730776126114
ck_1e51199a075ca0fa,0.022599737475446125
ck_0e70516fa07cfb17,0.9860529120698852
ck_0f37c554a5057801,0.5569085769659
ck_5576b725de38d106,0.007776529395078495
ck_82f360df1e9f4eb8,0.08913012037888092
ck_395f3bd4aacd7ca6,0.22018537232461607
ck_5e8e857b63966609,0.4746638157399874
ck_93470896f0804b6b,0.9951161095634277
ck_3be854e42e76569a,0.052591064378515615
ck_0567302c57a2417e,0.4317865652644894
ck_ee535461b5f05539,0.7629925271403134
ck_94a096c36162a153,0.022021148679286555
ck_dfc8f5c141fd7c63,0.015076533411090559
ck_98b34f2d704c1c2a,0.19392121159303152
ck_96dff7a09d45f116,0.04072654207266138
ck_79557434c129ba52,0.1731246356947204
ck_4596624a7c01d501,0.03529453832157695
ck_04e89fbd739243fa,0.0009136687850581758
ck_6149ffaf18872dc8,0.00881621239445062
ck_cd78f0832a09bd8f,0.2345437985173223
ck_7e29c10d781c3b41,0.0017278247072242557
ck_1f7ee7b23fc6f2f4,0.0022797714329804756
ck_c49b685d2b3ab89a,0.009096687631721322
ck_84569a8fc50e73ac,0.03291009961137785
ck_b92b11d205af91eb,0.00850708529933036
ck_06280e6d6d2485b0,0.0068986582123079085
ck_3c08546dd0c92863,0.05151939982624844
ck_99d3983f907828bf,0.7813209403717856
ck_eccfd552aa652d3c,0.1888460366576824
ck_0cff8153881875ba,0.1704219226659396
ck_c1aebbeca6ab5ff9,0.0041698398679544755
ck_538fdbbb3c2bcbbb,0.030716929940542148
ck_8c0210322733c718,0.058732590035047924
ck_0b0c93039f987abc,0.0030190389863073777
ck_6d07d6d1bd227d37,0.6102863421474168
ck_9b6ee35e8cd0b11c,0.010526840907447578
ck_d838491d3d4f5ecf,0.018848549209528727
ck_0593ae243a9ebee9,0.0758617692464167
ck_ef261fc09be8eb0b,0.025564777305374292
ck_d0935b571a4a3868,0.011736171713643315
ck_97d04a67a104af39,0.2513517808121676
ck_e25f70d0b7229420,0.16284897153085953
ck_9b71274ff83de482,0.9974507398766271
ck_6de2aa2bb60978d3,0.12488056118253453
ck_eda55c8fb47593d7,0.15887948368597146
ck_924e572517515f19,0.698602352990053
ck_d6f27eacbad310f4,0.01453342776520132
ck_8550f229b5eb03ab,0.019056086798244484
ck_e3e95546a84d0ed8,0.17300381784207464
ck_3135c019696ee6af,0.7391053912079665
ck_41ba315d8fccb559,0.02036113806819343
ck_72b86e4485da2d0f,0.9880850451694433
ck_daaa995f3c2f0e47,0.04002554964141882
ck_053746067839696b,0.26591541320722695
ck_a15fe7d0f4b65c33,0.694266129067085
ck_15de11438732bb05,0.052654592304582346
ck_2c4d25acbe3fabd9,0.015489120158621514
ck_7f08078908599bd2,0.056851879710124134
ck_e794741742fb2619,0.024745371837082326
ck_238e53b6dee8c301,0.12031181590903278
ck_53a6a33060d5c8b8,0.0505584539761814
ck_0e0919292ad33472,0.9820743297987871
ck_d86ccf148c06c8c8,0.010611944270194695
ck_c881f26c9bf9ae42,0.940507366803407
ck_4b0947bf94e9d847,0.06618293383141356
ck_e10ff5c38bd18470,0.03290475664553705
ck_b60de9e97aad9e45,0.9656157733960038
ck_190bc849e5ff5401,0.11527855284227408
ck_e7be077aa0b2632c,0.003872506790315178
ck_a51abde881ebeff3,0.06092418052923783
ck_2208392a9f6bd249,0.03426726753476739
ck_0259da8f109017e9,0.006609866584339074
ck_05e01ab9c95449da,0.07633295455652053
ck_c82897ebffb6ae66,0.007027691245969299
ck_b4a6bb4689cd7cfa,0.19328907192602093
ck_9e21ea33018ce538,0.09290378712442804
ck_caa348f0e65db062,0.9972529767707619
ck_a964e6b5d8415334,0.7255952582604576
ck_510bfbbee37ff436,0.0401122870201372
ck_9741a82faf5c7889,0.19280744485928095
ck_e7f61b4a39ba98ac,0.003134741976555656
ck_069d158665a53909,0.011981451684078569
ck_6426427efe3228af,0.1931436835900743
ck_ab4a8d02ec3c0fd7,0.014021736511894973
ck_aefa0d8d933e0eca,0.2498209674990619
ck_232325ef6bce92f1,0.011479321758519285
ck_14e58c3fb26a2b4d,0.16247994876953087
ck_06e73afdec26aecc,0.339924377726723
ck_3168f4f2778d64e1,0.023752515470930692
ck_ff3998d6858daa21,0.008632885279995044
ck_bccff46fb0868454,0.6784111937794126
ck_c7d444d90fa86d7c,0.9381243713111744
ck_f0bc3bdee6bfbb94,0.09556855610107225
ck_f7112818a6d81422,0.04120599957668126
ck_aca35dbcb835ad02,0.005290803896028301
ck_f637fabf0f60528f,0.16977018658341145
ck_53d17ab97de1ac3e,0.06542545506546353
ck_c8c1bf16d9113493,0.1342325231862479
ck_e842fb0cf055a83b,0.49428667056314185
ck_93c0cb3dac4891fe,0.021802400089829404
ck_0c1f088e17e46daf,0.16276521047455553
ck_8f4b384955bf57c9,0.00786341149008105
ck_09cd5c4df1e81ac2,0.15935390907352445
ck_1e832a5b2342554f,0.060769408648264564
ck_2cb763a881aee27f,0.00614019880609647
ck_5875828b11406398,0.01945657283999136
ck_48e84b0cb0b90fa7,0.16276521047455553
ck_833688de8629c5c0,0.01291673229748145
ck_117d78ccd5820f36,0.03999180030316477
ck_668ec61c4c39cae3,0.04314566821672115
ck_73a7794b659d7a34,0.11268576852827124
ck_10f90d879209734f,0.039981856626770444
ck_d1d079913aa158bf,0.0599724497139155
ck_01c631b38e8a9535,0.4133055117823368
ck_f6923088c17a04e2,0.3899894307316254
ck_b447badc9138987d,0.0014436816662833762
ck_8b772caed8f1541c,0.01404226998659733
ck_5403c76fe68a08ba,0.663144607863933
ck_3e6833574edf1736,0.009448585245431837
ck_e527fbb9450a4581,0.8841496929276417
ck_cc90e219f1ebf390,0.004018191745683547
